"ParticipantNum","density","NumAgents","RT"
1,"LowDensity",1,1.37046952272727
2,"LowDensity",1,1.39195908571429
3,"LowDensity",1,1.38246596774194
4,"LowDensity",1,1.4092578125
5,"LowDensity",1,0.961755259259259
6,"LowDensity",1,1.3519027037037
7,"LowDensity",1,1.09732434375
8,"LowDensity",1,1.069229125
9,"LowDensity",1,1.21237491176471
10,"LowDensity",1,1.29347232142857
11,"LowDensity",1,1.60158945714286
12,"LowDensity",1,1.50629473333333
13,"LowDensity",1,1.18768517241379
14,"LowDensity",1,0.857225648648649
15,"LowDensity",1,1.44024112121212
16,"LowDensity",1,0.777167216216216
17,"LowDensity",1,1.12949094736842
18,"LowDensity",1,0.919028
19,"LowDensity",1,1.25860441025641
20,"LowDensity",1,1.70409988888889
21,"LowDensity",1,1.15629427586207
22,"LowDensity",1,1.2211324
23,"LowDensity",1,1.33682165714286
24,"LowDensity",1,0.843690818181818
25,"LowDensity",1,1.47388169230769
26,"LowDensity",1,1.19076054545455
27,"LowDensity",1,2.15849616
28,"LowDensity",1,1.30212813333333
29,"LowDensity",1,1.08965072972973
30,"LowDensity",1,0.650564666666667
31,"LowDensity",1,1.95401751351351
32,"LowDensity",1,1.35176186666667
33,"LowDensity",1,1.75969762857143
34,"LowDensity",1,0.991831975
35,"LowDensity",1,1.45220287878788
36,"LowDensity",1,1.41363726666667
37,"LowDensity",1,1.58303617241379
38,"LowDensity",1,0.78157424137931
39,"LowDensity",1,0.969252136363636
40,"LowDensity",1,2.05915045454545
41,"LowDensity",1,1.09794809375
42,"LowDensity",1,1.44069564285714
43,"LowDensity",1,1.3855248125
44,"LowDensity",1,1.20144925
45,"LowDensity",1,0.8832855
46,"LowDensity",1,0.872121179487179
47,"LowDensity",1,1.11603283333333
48,"LowDensity",1,1.25307746875
49,"LowDensity",1,1.49478376923077
50,"LowDensity",1,1.99541571875
51,"LowDensity",1,0.95454984375
52,"LowDensity",1,1.36215409677419
53,"LowDensity",1,1.88169809677419
54,"LowDensity",1,1.10106823076923
55,"LowDensity",1,0.800846482758621
56,"LowDensity",1,0.954300387096774
57,"LowDensity",1,1.96771417142857
58,"LowDensity",1,1.55925225806452
59,"LowDensity",1,0.859995193548387
60,"LowDensity",1,1.12725936666667
61,"LowDensity",1,0.747996
62,"LowDensity",1,1.05470111111111
63,"LowDensity",1,0.75197755
64,"LowDensity",1,0.996838794117647
65,"LowDensity",1,1.74873076923077
66,"LowDensity",1,1.36011666666667
67,"LowDensity",1,0.740372961538462
68,"LowDensity",1,1.05886151612903
69,"LowDensity",1,1.74926
70,"LowDensity",1,0.866391304347826
71,"LowDensity",1,1.05208680555556
72,"LowDensity",1,1.36461828125
73,"LowDensity",1,1.04112634375
74,"LowDensity",1,0.81795464516129
75,"LowDensity",1,0.720669740740741
76,"LowDensity",1,1.27387348571429
77,"LowDensity",1,1.617415125
78,"LowDensity",1,1.74519043333333
79,"LowDensity",1,1.12585353125
80,"LowDensity",1,1.03258482608696
81,"LowDensity",1,1.15592295454545
82,"LowDensity",1,0.844806842105263
83,"LowDensity",1,1.15647834782609
84,"LowDensity",1,1.69568166666667
85,"LowDensity",1,0.995714555555556
86,"LowDensity",1,1.04456914285714
87,"LowDensity",1,1.87511748648649
88,"LowDensity",1,1.18141257894737
89,"LowDensity",1,1.56964102941176
90,"LowDensity",1,0.818971857142857
91,"LowDensity",1,1.01690306060606
92,"LowDensity",1,1.26166548717949
93,"LowDensity",1,0.888746055555556
94,"LowDensity",1,1.26687055555556
95,"LowDensity",1,0.748441083333333
96,"LowDensity",1,0.749152827586207
97,"LowDensity",1,0.73613925
98,"LowDensity",1,1.90587615625
99,"LowDensity",1,1.40848670588235
100,"LowDensity",1,0.969511892857143
101,"LowDensity",1,2.39324316666667
102,"LowDensity",1,0.914800484848485
103,"LowDensity",1,1.14952475
104,"LowDensity",1,1.08711756666667
105,"LowDensity",1,1.28800233333333
106,"LowDensity",1,1.31321240625
107,"LowDensity",1,1.22642796875
108,"LowDensity",1,2.6117834
109,"LowDensity",1,1.29951419354839
110,"LowDensity",1,1.88681173913043
111,"LowDensity",1,0.972830823529412
112,"LowDensity",1,0.698159333333333
113,"LowDensity",1,1.16596822222222
114,"LowDensity",1,1.66088155882353
115,"LowDensity",1,0.810216891891892
116,"LowDensity",1,1.55202153125
117,"LowDensity",1,1.61988488888889
118,"LowDensity",1,1.11406065384615
119,"LowDensity",1,1.12573629032258
120,"LowDensity",1,1.397619
121,"LowDensity",1,0.766054310344828
122,"LowDensity",1,1.32185874358974
123,"LowDensity",1,1.500945975
124,"LowDensity",1,1.8657685
125,"LowDensity",1,1.19683281818182
126,"LowDensity",1,1.82286768571429
127,"LowDensity",1,1.243778
128,"LowDensity",1,1.22687507317073
129,"LowDensity",1,1.08884183333333
130,"LowDensity",1,1.15964262962963
131,"LowDensity",1,1.221173
132,"LowDensity",1,1.67699214285714
133,"LowDensity",1,1.11230917647059
134,"LowDensity",1,1.77964015625
135,"LowDensity",1,0.820924628571429
136,"LowDensity",1,1.27997396875
137,"LowDensity",1,0.773867947368421
138,"LowDensity",1,1.26456042307692
139,"LowDensity",1,0.900814282051282
140,"LowDensity",1,1.34812622857143
141,"LowDensity",1,0.773337731707317
142,"LowDensity",1,1.71848742424242
143,"LowDensity",1,1.05952212
144,"LowDensity",1,1.29632377419355
145,"LowDensity",1,1.09548942307692
146,"LowDensity",1,0.898553194444444
147,"LowDensity",1,1.86972820833333
148,"LowDensity",1,0.833142142857143
149,"LowDensity",1,1.16453506451613
150,"LowDensity",1,0.952422166666667
151,"LowDensity",1,0.7754066
152,"LowDensity",1,0.93756246875
153,"LowDensity",1,1.4646529375
154,"LowDensity",1,1.10611272413793
1,"LowDensity",2,1.48219541935484
2,"LowDensity",2,1.17930031428571
3,"LowDensity",2,1.21608216666667
4,"LowDensity",2,1.3412876875
5,"LowDensity",2,0.852359558823529
6,"LowDensity",2,1.20540963888889
7,"LowDensity",2,1.10273962857143
8,"LowDensity",2,1.179475
9,"LowDensity",2,1.44162752777778
10,"LowDensity",2,1.21404444827586
11,"LowDensity",2,1.49490133333333
12,"LowDensity",2,1.4879085
13,"LowDensity",2,1.18007789473684
14,"LowDensity",2,0.831881025641026
15,"LowDensity",2,1.22466283333333
16,"LowDensity",2,0.824418805555556
17,"LowDensity",2,1.07556686956522
18,"LowDensity",2,0.972860967741936
19,"LowDensity",2,1.2538385
20,"LowDensity",2,1.6133645
21,"LowDensity",2,1.01970794736842
22,"LowDensity",2,1.19328532142857
23,"LowDensity",2,1.29595721428571
24,"LowDensity",2,0.849042619047619
25,"LowDensity",2,1.47502102857143
26,"LowDensity",2,1.48632961904762
27,"LowDensity",2,1.84692917391304
28,"LowDensity",2,1.41500937142857
29,"LowDensity",2,0.9597266
30,"LowDensity",2,0.699247956521739
31,"LowDensity",2,1.61869743478261
32,"LowDensity",2,1.36779786206897
33,"LowDensity",2,1.84347445454545
34,"LowDensity",2,0.807779310344828
35,"LowDensity",2,1.40730725806452
36,"LowDensity",2,1.57570607894737
37,"LowDensity",2,1.53909555555556
38,"LowDensity",2,0.718501407407407
39,"LowDensity",2,0.918291102564103
40,"LowDensity",2,2.17108157142857
41,"LowDensity",2,1.12582657142857
42,"LowDensity",2,1.55632481818182
43,"LowDensity",2,1.29624028
44,"LowDensity",2,1.02411407894737
45,"LowDensity",2,0.849380962962963
46,"LowDensity",2,0.765176828571429
47,"LowDensity",2,1.64488304761905
48,"LowDensity",2,0.978196083333333
49,"LowDensity",2,1.40235242857143
50,"LowDensity",2,2.03700339473684
51,"LowDensity",2,1.07926202857143
52,"LowDensity",2,1.45938343589744
53,"LowDensity",2,1.83194065714286
54,"LowDensity",2,0.838043161290323
55,"LowDensity",2,0.86734584375
56,"LowDensity",2,0.899164777777778
57,"LowDensity",2,2.32029223333333
58,"LowDensity",2,1.58877572
59,"LowDensity",2,0.978669090909091
60,"LowDensity",2,1.12365716666667
61,"LowDensity",2,0.6883888125
62,"LowDensity",2,1.16664205263158
63,"LowDensity",2,0.732109558823529
64,"LowDensity",2,1.03826709677419
65,"LowDensity",2,1.6309293902439
66,"LowDensity",2,1.34833658823529
67,"LowDensity",2,0.874088689655172
68,"LowDensity",2,1.10863215625
69,"LowDensity",2,1.824156
70,"LowDensity",2,1.002217
71,"LowDensity",2,1.16937608823529
72,"LowDensity",2,1.51855014814815
73,"LowDensity",2,0.9928858
74,"LowDensity",2,0.852438444444444
75,"LowDensity",2,0.723749517241379
76,"LowDensity",2,1.15692413636364
77,"LowDensity",2,1.42344588888889
78,"LowDensity",2,1.005098
79,"LowDensity",2,1.11448202857143
80,"LowDensity",2,0.93814471875
81,"LowDensity",2,1.1594438
82,"LowDensity",2,0.914534121212121
83,"LowDensity",2,1.39993641176471
84,"LowDensity",2,1.60712513793103
85,"LowDensity",2,0.892819027027027
86,"LowDensity",2,0.964128580645161
87,"LowDensity",2,1.67699728125
88,"LowDensity",2,1.07218423333333
89,"LowDensity",2,1.49053246153846
90,"LowDensity",2,0.857632448275862
91,"LowDensity",2,1.01473455882353
92,"LowDensity",2,1.31984603571429
93,"LowDensity",2,0.862722911764706
94,"LowDensity",2,1.26448505882353
95,"LowDensity",2,0.807591612903226
96,"LowDensity",2,0.758390684210526
97,"LowDensity",2,0.7663059375
98,"LowDensity",2,1.34193534615385
99,"LowDensity",2,1.31717337931034
100,"LowDensity",2,0.9694325
101,"LowDensity",2,1.76644787179487
102,"LowDensity",2,0.860585411764706
103,"LowDensity",2,1.08652853333333
104,"LowDensity",2,1.03111008333333
105,"LowDensity",2,1.28165451162791
106,"LowDensity",2,1.76412442105263
107,"LowDensity",2,1.19214289655172
108,"LowDensity",2,2.6644575
109,"LowDensity",2,1.23465548648649
110,"LowDensity",2,1.66460538709677
111,"LowDensity",2,1.00154812903226
112,"LowDensity",2,0.777186392857143
113,"LowDensity",2,1.0921956
114,"LowDensity",2,1.60353048648649
115,"LowDensity",2,0.877390541666667
116,"LowDensity",2,1.54367137209302
117,"LowDensity",2,1.82233796296296
118,"LowDensity",2,1.31898278571429
119,"LowDensity",2,1.47367344444444
120,"LowDensity",2,1.6786956969697
121,"LowDensity",2,0.793457074074074
122,"LowDensity",2,1.35560190909091
123,"LowDensity",2,1.71681867857143
124,"LowDensity",2,1.71158155172414
125,"LowDensity",2,1.11964272727273
126,"LowDensity",2,1.79275147619048
127,"LowDensity",2,1.30975010810811
128,"LowDensity",2,1.40197923529412
129,"LowDensity",2,1.07594072727273
130,"LowDensity",2,1.11571518518519
131,"LowDensity",2,1.21305755555556
132,"LowDensity",2,1.86769404
133,"LowDensity",2,1.05266545454545
134,"LowDensity",2,1.60266878125
135,"LowDensity",2,1.00623094117647
136,"LowDensity",2,1.22187607894737
137,"LowDensity",2,0.777130921052632
138,"LowDensity",2,1.12140635483871
139,"LowDensity",2,0.949304233333333
140,"LowDensity",2,1.37726692
141,"LowDensity",2,0.840465903225806
142,"LowDensity",2,1.66311840625
143,"LowDensity",2,1.09714891666667
144,"LowDensity",2,1.23790189285714
145,"LowDensity",2,1.05571264705882
146,"LowDensity",2,0.9567193125
147,"LowDensity",2,1.57832902631579
148,"LowDensity",2,0.818934060606061
149,"LowDensity",2,1.27797245
150,"LowDensity",2,0.9828256875
151,"LowDensity",2,0.767000551724138
152,"LowDensity",2,1.08931531578947
153,"LowDensity",2,1.29983126086957
154,"LowDensity",2,1.08700882758621
1,"LowDensity",3,1.38588663333333
2,"LowDensity",3,1.05928224
3,"LowDensity",3,1.21196170731707
4,"LowDensity",3,1.37153584615385
5,"LowDensity",3,0.870575388888889
6,"LowDensity",3,1.26977546875
7,"LowDensity",3,1.26909775862069
8,"LowDensity",3,1.13919068421053
9,"LowDensity",3,1.494933
10,"LowDensity",3,1.14233072972973
11,"LowDensity",3,1.4886688
12,"LowDensity",3,1.41262919354839
13,"LowDensity",3,1.22817636
14,"LowDensity",3,0.745283681818182
15,"LowDensity",3,1.33857695918367
16,"LowDensity",3,0.897092571428571
17,"LowDensity",3,1.03785997297297
18,"LowDensity",3,0.87233740625
19,"LowDensity",3,1.30858438461538
20,"LowDensity",3,1.53997360526316
21,"LowDensity",3,1.02847765384615
22,"LowDensity",3,1.21110802941176
23,"LowDensity",3,1.28431803333333
24,"LowDensity",3,0.948881294117647
25,"LowDensity",3,1.61088741666667
26,"LowDensity",3,1.19067747058824
27,"LowDensity",3,1.86259740909091
28,"LowDensity",3,1.30753135135135
29,"LowDensity",3,1.01143945454545
30,"LowDensity",3,0.713753942857143
31,"LowDensity",3,1.75410596969697
32,"LowDensity",3,1.36120251428571
33,"LowDensity",3,1.95899904
34,"LowDensity",3,0.707913068965517
35,"LowDensity",3,1.6287505
36,"LowDensity",3,1.80988270588235
37,"LowDensity",3,1.50821944444444
38,"LowDensity",3,0.796040264705882
39,"LowDensity",3,0.969949465116279
40,"LowDensity",3,2.120347
41,"LowDensity",3,1.05674072
42,"LowDensity",3,1.49707429032258
43,"LowDensity",3,1.30592121212121
44,"LowDensity",3,1.04695748148148
45,"LowDensity",3,0.899948111111111
46,"LowDensity",3,0.775551032258065
47,"LowDensity",3,1.4543254
48,"LowDensity",3,1.35350582142857
49,"LowDensity",3,1.31669269230769
50,"LowDensity",3,2.17772823333333
51,"LowDensity",3,0.972850088235294
52,"LowDensity",3,1.29883648275862
53,"LowDensity",3,1.67101433333333
54,"LowDensity",3,0.986641148148148
55,"LowDensity",3,0.877109264705882
56,"LowDensity",3,1.10252220689655
57,"LowDensity",3,2.08313178125
58,"LowDensity",3,1.80951537777778
59,"LowDensity",3,1.12455236363636
60,"LowDensity",3,1.05679242105263
61,"LowDensity",3,0.761060333333333
62,"LowDensity",3,1.10358486666667
63,"LowDensity",3,0.7509631875
64,"LowDensity",3,1.05292529032258
65,"LowDensity",3,1.69865113333333
66,"LowDensity",3,1.350502
67,"LowDensity",3,0.766555785714286
68,"LowDensity",3,1.02862765714286
69,"LowDensity",3,1.74830468965517
70,"LowDensity",3,0.895378303030303
71,"LowDensity",3,1.17500814814815
72,"LowDensity",3,1.50003692105263
73,"LowDensity",3,0.885893184210526
74,"LowDensity",3,0.83010405
75,"LowDensity",3,0.705521166666667
76,"LowDensity",3,1.18647293103448
77,"LowDensity",3,1.38703670967742
78,"LowDensity",3,1.20149652
79,"LowDensity",3,1.15628789655172
80,"LowDensity",3,0.926806172413793
81,"LowDensity",3,1.11803177777778
82,"LowDensity",3,0.979427454545455
83,"LowDensity",3,1.40052962068966
84,"LowDensity",3,1.58448195652174
85,"LowDensity",3,1.07542661538462
86,"LowDensity",3,0.989371142857143
87,"LowDensity",3,1.76461970588235
88,"LowDensity",3,1.0423177
89,"LowDensity",3,1.570476
90,"LowDensity",3,0.781536866666667
91,"LowDensity",3,1.01954748484848
92,"LowDensity",3,1.40785393023256
93,"LowDensity",3,0.904193714285714
94,"LowDensity",3,1.20054931111111
95,"LowDensity",3,0.774460344827586
96,"LowDensity",3,0.740888947368421
97,"LowDensity",3,0.733968793103448
98,"LowDensity",3,1.45678885714286
99,"LowDensity",3,1.44080347222222
100,"LowDensity",3,1.0804634375
101,"LowDensity",3,1.52949351428571
102,"LowDensity",3,0.884200548387097
103,"LowDensity",3,0.96897603125
104,"LowDensity",3,0.8893375625
105,"LowDensity",3,1.17813332142857
106,"LowDensity",3,1.40160426923077
107,"LowDensity",3,1.1496038125
108,"LowDensity",3,2.75319545454545
109,"LowDensity",3,1.40508504347826
110,"LowDensity",3,1.64220772413793
111,"LowDensity",3,1.05114157692308
112,"LowDensity",3,0.748435892857143
113,"LowDensity",3,1.2274323
114,"LowDensity",3,1.53406418918919
115,"LowDensity",3,0.780761703703704
116,"LowDensity",3,1.36293743333333
117,"LowDensity",3,1.70801540625
118,"LowDensity",3,1.39286644827586
119,"LowDensity",3,1.43627442105263
120,"LowDensity",3,1.1710692
121,"LowDensity",3,0.86516115
122,"LowDensity",3,1.40771663888889
123,"LowDensity",3,1.63968787096774
124,"LowDensity",3,1.59571048
125,"LowDensity",3,1.31930541935484
126,"LowDensity",3,1.72093607407407
127,"LowDensity",3,0.94943848
128,"LowDensity",3,1.25251679411765
129,"LowDensity",3,1.144985
130,"LowDensity",3,1.09988596875
131,"LowDensity",3,1.07358670967742
132,"LowDensity",3,1.66385655555556
133,"LowDensity",3,1.00506478571429
134,"LowDensity",3,1.50999445
135,"LowDensity",3,0.844004333333333
136,"LowDensity",3,1.24259226086957
137,"LowDensity",3,0.797398055555556
138,"LowDensity",3,1.17015846875
139,"LowDensity",3,0.9486054
140,"LowDensity",3,1.67431452941176
141,"LowDensity",3,0.811952545454545
142,"LowDensity",3,1.59006009090909
143,"LowDensity",3,0.929605157894737
144,"LowDensity",3,1.33949792307692
145,"LowDensity",3,1.19388144827586
146,"LowDensity",3,0.8232184
147,"LowDensity",3,1.53855535714286
148,"LowDensity",3,0.846264157894737
149,"LowDensity",3,1.17507051612903
150,"LowDensity",3,0.862096121212121
151,"LowDensity",3,0.742576371428571
152,"LowDensity",3,1.12976426470588
153,"LowDensity",3,1.25471551851852
154,"LowDensity",3,1.2409839375
1,"LowDensity",4,1.24355888235294
2,"LowDensity",4,1.43085036842105
3,"LowDensity",4,1.1855185
4,"LowDensity",4,1.29325675
5,"LowDensity",4,0.796913939393939
6,"LowDensity",4,1.23177525
7,"LowDensity",4,1.11754669230769
8,"LowDensity",4,1.13861280645161
9,"LowDensity",4,1.44756720588235
10,"LowDensity",4,1.36527703448276
11,"LowDensity",4,1.35357885714286
12,"LowDensity",4,1.56299225806452
13,"LowDensity",4,1.12941191428571
14,"LowDensity",4,0.808062258064516
15,"LowDensity",4,1.1918914
16,"LowDensity",4,0.800317851851852
17,"LowDensity",4,0.900116931034483
18,"LowDensity",4,1.10922907142857
19,"LowDensity",4,1.235811875
20,"LowDensity",4,1.473734
21,"LowDensity",4,0.9233655
22,"LowDensity",4,1.03243931428571
23,"LowDensity",4,1.38842042424242
24,"LowDensity",4,0.882139272727273
25,"LowDensity",4,1.55036016666667
26,"LowDensity",4,1.47292211538462
27,"LowDensity",4,1.7514476
28,"LowDensity",4,1.33262407142857
29,"LowDensity",4,1.04706733333333
30,"LowDensity",4,0.686623133333333
31,"LowDensity",4,1.56289585714286
32,"LowDensity",4,1.47461803571429
33,"LowDensity",4,1.80834960606061
34,"LowDensity",4,0.720512
35,"LowDensity",4,1.563377625
36,"LowDensity",4,1.76510861538462
37,"LowDensity",4,1.67935023076923
38,"LowDensity",4,0.78729744
39,"LowDensity",4,0.936072730769231
40,"LowDensity",4,1.75291493103448
41,"LowDensity",4,1.21545408823529
42,"LowDensity",4,1.33791929032258
43,"LowDensity",4,1.21469812903226
44,"LowDensity",4,0.96737819047619
45,"LowDensity",4,0.82328852
46,"LowDensity",4,0.715092625
47,"LowDensity",4,1.31624603125
48,"LowDensity",4,1.01067678571429
49,"LowDensity",4,1.29860911764706
50,"LowDensity",4,2.12562342857143
51,"LowDensity",4,0.8369193125
52,"LowDensity",4,1.33118233333333
53,"LowDensity",4,1.70118417142857
54,"LowDensity",4,1.02451371052632
55,"LowDensity",4,0.869965432432432
56,"LowDensity",4,1.04227861538462
57,"LowDensity",4,2.13650517647059
58,"LowDensity",4,1.62997326923077
59,"LowDensity",4,0.92348164516129
60,"LowDensity",4,1.11670237931034
61,"LowDensity",4,0.673546707317073
62,"LowDensity",4,1.20123487096774
63,"LowDensity",4,0.993989148148148
64,"LowDensity",4,1.029065
65,"LowDensity",4,1.5934571
66,"LowDensity",4,1.29358846153846
67,"LowDensity",4,0.758574675675676
68,"LowDensity",4,1.09406591176471
69,"LowDensity",4,1.8164945
70,"LowDensity",4,0.980213135135135
71,"LowDensity",4,1.12257605714286
72,"LowDensity",4,1.42860628571429
73,"LowDensity",4,1.02708922857143
74,"LowDensity",4,0.810320810810811
75,"LowDensity",4,0.792810358974359
76,"LowDensity",4,1.17258366666667
77,"LowDensity",4,1.38271857575758
78,"LowDensity",4,1.02606834482759
79,"LowDensity",4,1.04113775
80,"LowDensity",4,1.071868875
81,"LowDensity",4,1.146663625
82,"LowDensity",4,0.942555225
83,"LowDensity",4,1.30384995744681
84,"LowDensity",4,1.52564194117647
85,"LowDensity",4,0.978658714285714
86,"LowDensity",4,1.01984317241379
87,"LowDensity",4,1.78632192307692
88,"LowDensity",4,1.10222722222222
89,"LowDensity",4,1.68616261764706
90,"LowDensity",4,0.7891159
91,"LowDensity",4,0.919404882352941
92,"LowDensity",4,1.38683177777778
93,"LowDensity",4,0.904103275862069
94,"LowDensity",4,1.24983951851852
95,"LowDensity",4,0.762106677419355
96,"LowDensity",4,0.7744186
97,"LowDensity",4,0.745577378378378
98,"LowDensity",4,1.42018855263158
99,"LowDensity",4,1.44770464516129
100,"LowDensity",4,0.974231068965517
101,"LowDensity",4,1.7065929
102,"LowDensity",4,0.835923677419355
103,"LowDensity",4,1.14474571428571
104,"LowDensity",4,0.916116297297297
105,"LowDensity",4,1.23335894117647
106,"LowDensity",4,1.14059308695652
107,"LowDensity",4,1.12072653125
108,"LowDensity",4,2.47400484615385
109,"LowDensity",4,1.26029456410256
110,"LowDensity",4,1.56597397619048
111,"LowDensity",4,1.03495051612903
112,"LowDensity",4,0.6812164
113,"LowDensity",4,1.130343575
114,"LowDensity",4,1.63306296551724
115,"LowDensity",4,0.80826872972973
116,"LowDensity",4,1.38638578571429
117,"LowDensity",4,1.83204840625
118,"LowDensity",4,1.31115581395349
119,"LowDensity",4,1.74103657142857
120,"LowDensity",4,1.39319
121,"LowDensity",4,0.78497890625
122,"LowDensity",4,1.33056538709677
123,"LowDensity",4,1.66142534482759
124,"LowDensity",4,1.68987848484848
125,"LowDensity",4,1.32128827777778
126,"LowDensity",4,1.868091625
127,"LowDensity",4,1.3679688
128,"LowDensity",4,1.46908044827586
129,"LowDensity",4,1.04443592592593
130,"LowDensity",4,1.03012474358974
131,"LowDensity",4,1.00805845454545
132,"LowDensity",4,1.69113697058824
133,"LowDensity",4,1.12379751612903
134,"LowDensity",4,1.51209541463415
135,"LowDensity",4,0.90277832
136,"LowDensity",4,1.14233981081081
137,"LowDensity",4,0.79640928
138,"LowDensity",4,1.16197722857143
139,"LowDensity",4,0.890775884615385
140,"LowDensity",4,1.44562510344828
141,"LowDensity",4,0.808326192307692
142,"LowDensity",4,1.65263916
143,"LowDensity",4,0.91687136
144,"LowDensity",4,1.38804796296296
145,"LowDensity",4,1.04907733333333
146,"LowDensity",4,0.867589942857143
147,"LowDensity",4,1.63378145833333
148,"LowDensity",4,0.757594772727273
149,"LowDensity",4,1.21945571875
150,"LowDensity",4,0.900334857142857
151,"LowDensity",4,0.792044806451613
152,"LowDensity",4,1.02013531034483
153,"LowDensity",4,1.33515531578947
154,"LowDensity",4,1.19653681818182
1,"HighDensity",1,1.23827233333333
2,"HighDensity",1,1.13798765789474
3,"HighDensity",1,1.31720525
4,"HighDensity",1,1.309506
5,"HighDensity",1,0.964037130434783
6,"HighDensity",1,1.29362865625
7,"HighDensity",1,0.996550548387097
8,"HighDensity",1,1.14345340909091
9,"HighDensity",1,1.31327248571429
10,"HighDensity",1,1.29661555555556
11,"HighDensity",1,1.4660477
12,"HighDensity",1,1.4934406969697
13,"HighDensity",1,1.013612375
14,"HighDensity",1,1.04682876666667
15,"HighDensity",1,1.49951412903226
16,"HighDensity",1,0.944193555555556
17,"HighDensity",1,0.973422697674419
18,"HighDensity",1,0.95644288
19,"HighDensity",1,1.56298829411765
20,"HighDensity",1,2.01298964285714
21,"HighDensity",1,1.08268055172414
22,"HighDensity",1,1.15757010344828
23,"HighDensity",1,1.32786311111111
24,"HighDensity",1,1.1308648
25,"HighDensity",1,1.57425715384615
26,"HighDensity",1,1.27529986486486
27,"HighDensity",1,2.12104625925926
28,"HighDensity",1,1.49376311111111
29,"HighDensity",1,1.22089457142857
30,"HighDensity",1,0.660878192307692
31,"HighDensity",1,1.87964395652174
32,"HighDensity",1,1.12270797368421
33,"HighDensity",1,1.51737724324324
34,"HighDensity",1,1.05332821052632
35,"HighDensity",1,1.29511833333333
36,"HighDensity",1,1.46613532
37,"HighDensity",1,1.54603357142857
38,"HighDensity",1,0.749388193548387
39,"HighDensity",1,0.970829814814815
40,"HighDensity",1,2.4829944
41,"HighDensity",1,1.06785786666667
42,"HighDensity",1,1.51556392307692
43,"HighDensity",1,1.43722035135135
44,"HighDensity",1,1.03158789285714
45,"HighDensity",1,0.950818433333333
46,"HighDensity",1,0.768095862068966
47,"HighDensity",1,1.239162
48,"HighDensity",1,0.931730125
49,"HighDensity",1,1.24209476923077
50,"HighDensity",1,1.67982025
51,"HighDensity",1,0.921174391304348
52,"HighDensity",1,1.1444855
53,"HighDensity",1,1.91961954545455
54,"HighDensity",1,0.773602086956522
55,"HighDensity",1,0.815682827586207
56,"HighDensity",1,1.0506992962963
57,"HighDensity",1,1.56537023684211
58,"HighDensity",1,1.51845007142857
59,"HighDensity",1,1.20602541176471
60,"HighDensity",1,1.25155813888889
61,"HighDensity",1,0.688581935483871
62,"HighDensity",1,1.07819413333333
63,"HighDensity",1,0.921655571428571
64,"HighDensity",1,0.998562842105263
65,"HighDensity",1,1.55478737837838
66,"HighDensity",1,1.368314
67,"HighDensity",1,0.754566151515151
68,"HighDensity",1,1.1838481
69,"HighDensity",1,1.38089393333333
70,"HighDensity",1,1.16750026470588
71,"HighDensity",1,1.32342305882353
72,"HighDensity",1,1.2111268
73,"HighDensity",1,1.04931946153846
74,"HighDensity",1,0.802215583333333
75,"HighDensity",1,0.727861103448276
76,"HighDensity",1,1.42140987878788
77,"HighDensity",1,1.14170492307692
78,"HighDensity",1,1.61022631578947
79,"HighDensity",1,1.134667
80,"HighDensity",1,1.01076072727273
81,"HighDensity",1,1.02170693548387
82,"HighDensity",1,0.89969153125
83,"HighDensity",1,1.42049523076923
84,"HighDensity",1,1.55419458333333
85,"HighDensity",1,0.994447870967742
86,"HighDensity",1,1.29754003448276
87,"HighDensity",1,1.90347417391304
88,"HighDensity",1,1.17072808333333
89,"HighDensity",1,1.41878053333333
90,"HighDensity",1,0.759665638888889
91,"HighDensity",1,0.97846480952381
92,"HighDensity",1,1.13776875
93,"HighDensity",1,0.716869
94,"HighDensity",1,1.59716085714286
95,"HighDensity",1,0.91856876
96,"HighDensity",1,0.738846290322581
97,"HighDensity",1,0.751570464285714
98,"HighDensity",1,1.56629406451613
99,"HighDensity",1,1.42440188571429
100,"HighDensity",1,1.00328113793103
101,"HighDensity",1,2.36439961290323
102,"HighDensity",1,0.915073766666667
103,"HighDensity",1,0.960314971428571
104,"HighDensity",1,0.97459984375
105,"HighDensity",1,1.54279828571429
106,"HighDensity",1,1.596729
107,"HighDensity",1,1.13576628947368
108,"HighDensity",1,2.13873288235294
109,"HighDensity",1,1.29939781481481
110,"HighDensity",1,1.645069
111,"HighDensity",1,0.918558625
112,"HighDensity",1,0.828143931034483
113,"HighDensity",1,1.24762706896552
114,"HighDensity",1,1.45869212820513
115,"HighDensity",1,0.836234647058824
116,"HighDensity",1,1.28067228571429
117,"HighDensity",1,1.810851675
118,"HighDensity",1,1.51088168571429
119,"HighDensity",1,1.20368609677419
120,"HighDensity",1,1.117429
121,"HighDensity",1,0.973991416666667
122,"HighDensity",1,1.33241322580645
123,"HighDensity",1,1.54678971794872
124,"HighDensity",1,2.2115754
125,"HighDensity",1,1.12994606896552
126,"HighDensity",1,1.42846680487805
127,"HighDensity",1,1.29089905555556
128,"HighDensity",1,1.50556731034483
129,"HighDensity",1,1.12427211111111
130,"HighDensity",1,0.982433653846154
131,"HighDensity",1,1.06594732
132,"HighDensity",1,1.55468925714286
133,"HighDensity",1,0.878433277777778
134,"HighDensity",1,1.63733645454545
135,"HighDensity",1,0.882676457142857
136,"HighDensity",1,1.32722085185185
137,"HighDensity",1,0.6884545
138,"HighDensity",1,1.12020673333333
139,"HighDensity",1,0.927120096774193
140,"HighDensity",1,1.59452954285714
141,"HighDensity",1,1.36373251351351
142,"HighDensity",1,1.64768971875
143,"HighDensity",1,0.963553
144,"HighDensity",1,1.5470046875
145,"HighDensity",1,1.11501982352941
146,"HighDensity",1,0.859706
147,"HighDensity",1,1.6807592
148,"HighDensity",1,0.969998357142857
149,"HighDensity",1,1.23896795348837
150,"HighDensity",1,0.9184856875
151,"HighDensity",1,0.83581304
152,"HighDensity",1,0.991684551724138
153,"HighDensity",1,1.76705079411765
154,"HighDensity",1,1.24935688461538
1,"HighDensity",2,1.40905864516129
2,"HighDensity",2,1.29910515625
3,"HighDensity",2,1.15905920689655
4,"HighDensity",2,1.28837431034483
5,"HighDensity",2,0.921952896551724
6,"HighDensity",2,1.34225802777778
7,"HighDensity",2,0.966523193548387
8,"HighDensity",2,1.15227973170732
9,"HighDensity",2,1.39694112121212
10,"HighDensity",2,1.45658073529412
11,"HighDensity",2,1.426668125
12,"HighDensity",2,1.51576011111111
13,"HighDensity",2,1.092865
14,"HighDensity",2,0.912799206896552
15,"HighDensity",2,1.33518751282051
16,"HighDensity",2,0.862572205882353
17,"HighDensity",2,1.03334515384615
18,"HighDensity",2,0.938524514285714
19,"HighDensity",2,1.59443
20,"HighDensity",2,1.816009625
21,"HighDensity",2,1.14392827586207
22,"HighDensity",2,1.00688597222222
23,"HighDensity",2,1.34745538709677
24,"HighDensity",2,0.91190328125
25,"HighDensity",2,1.51629386956522
26,"HighDensity",2,1.118984
27,"HighDensity",2,1.95375944186047
28,"HighDensity",2,1.35632444736842
29,"HighDensity",2,1.05684372413793
30,"HighDensity",2,0.657988965517241
31,"HighDensity",2,1.67589894736842
32,"HighDensity",2,1.12247555555556
33,"HighDensity",2,1.63015315625
34,"HighDensity",2,1.14767811538462
35,"HighDensity",2,1.31778581818182
36,"HighDensity",2,1.47806596666667
37,"HighDensity",2,1.51342952941176
38,"HighDensity",2,0.791615361111111
39,"HighDensity",2,1.06490333333333
40,"HighDensity",2,2.47928288571429
41,"HighDensity",2,1.14758974074074
42,"HighDensity",2,1.33376984848485
43,"HighDensity",2,1.40105048275862
44,"HighDensity",2,0.975830147058824
45,"HighDensity",2,0.981341071428571
46,"HighDensity",2,0.72927659375
47,"HighDensity",2,1.05629706896552
48,"HighDensity",2,0.930875941176471
49,"HighDensity",2,1.1707348974359
50,"HighDensity",2,1.6566016
51,"HighDensity",2,0.889349333333333
52,"HighDensity",2,1.27208090322581
53,"HighDensity",2,1.79414022580645
54,"HighDensity",2,0.696620875
55,"HighDensity",2,0.909891034482759
56,"HighDensity",2,1.09694193548387
57,"HighDensity",2,1.71304662962963
58,"HighDensity",2,1.73481887878788
59,"HighDensity",2,1.14039190909091
60,"HighDensity",2,1.0319377
61,"HighDensity",2,0.671705066666667
62,"HighDensity",2,1.01816638888889
63,"HighDensity",2,0.779909756756757
64,"HighDensity",2,1.02968007142857
65,"HighDensity",2,1.48947818518519
66,"HighDensity",2,1.31754454054054
67,"HighDensity",2,0.752730333333333
68,"HighDensity",2,1.08686832142857
69,"HighDensity",2,1.39584105405405
70,"HighDensity",2,1.20927719354839
71,"HighDensity",2,1.28607712903226
72,"HighDensity",2,1.28456680487805
73,"HighDensity",2,1.15803525
74,"HighDensity",2,0.809596733333333
75,"HighDensity",2,0.796925235294118
76,"HighDensity",2,1.40427619354839
77,"HighDensity",2,1.2353324
78,"HighDensity",2,1.27294314285714
79,"HighDensity",2,1.391913
80,"HighDensity",2,0.906937566666667
81,"HighDensity",2,1.08280643333333
82,"HighDensity",2,0.927869702702703
83,"HighDensity",2,1.23786931034483
84,"HighDensity",2,1.44232966666667
85,"HighDensity",2,1.29159451724138
86,"HighDensity",2,1.11613337837838
87,"HighDensity",2,1.94454510714286
88,"HighDensity",2,1.1546135
89,"HighDensity",2,1.41141243243243
90,"HighDensity",2,0.821872806451613
91,"HighDensity",2,1.0489730625
92,"HighDensity",2,1.20702179310345
93,"HighDensity",2,0.860398235294118
94,"HighDensity",2,1.70235961111111
95,"HighDensity",2,0.87144862962963
96,"HighDensity",2,0.702737129032258
97,"HighDensity",2,0.823804444444444
98,"HighDensity",2,1.43229290625
99,"HighDensity",2,1.47281970967742
100,"HighDensity",2,1.02428562068966
101,"HighDensity",2,1.83041734883721
102,"HighDensity",2,0.89082153125
103,"HighDensity",2,1.0628304137931
104,"HighDensity",2,0.944197461538462
105,"HighDensity",2,1.61424141025641
106,"HighDensity",2,1.42119624242424
107,"HighDensity",2,1.11630602941176
108,"HighDensity",2,2.05168779411765
109,"HighDensity",2,1.29907054285714
110,"HighDensity",2,1.90120224324324
111,"HighDensity",2,0.848526371428571
112,"HighDensity",2,0.76305904
113,"HighDensity",2,1.06761261764706
114,"HighDensity",2,1.42644822222222
115,"HighDensity",2,0.897611321428571
116,"HighDensity",2,1.3293018125
117,"HighDensity",2,2.1491882
118,"HighDensity",2,1.53234714634146
119,"HighDensity",2,1.21428661290323
120,"HighDensity",2,0.9271206
121,"HighDensity",2,0.949247375
122,"HighDensity",2,1.10760497058824
123,"HighDensity",2,1.66712959375
124,"HighDensity",2,1.81069679411765
125,"HighDensity",2,1.09929393333333
126,"HighDensity",2,1.44202651612903
127,"HighDensity",2,1.43724558064516
128,"HighDensity",2,1.67069887179487
129,"HighDensity",2,1.15924125
130,"HighDensity",2,1.24567266666667
131,"HighDensity",2,1.08185173529412
132,"HighDensity",2,1.60395447619048
133,"HighDensity",2,0.919046310344828
134,"HighDensity",2,1.47626556756757
135,"HighDensity",2,0.862286
136,"HighDensity",2,1.30485877777778
137,"HighDensity",2,0.6983904
138,"HighDensity",2,1.139701
139,"HighDensity",2,0.987776666666667
140,"HighDensity",2,1.63902865384615
141,"HighDensity",2,1.25777241666667
142,"HighDensity",2,1.43543851724138
143,"HighDensity",2,0.920530472222222
144,"HighDensity",2,1.4691935
145,"HighDensity",2,1.06192311538462
146,"HighDensity",2,0.7731616
147,"HighDensity",2,1.65918619230769
148,"HighDensity",2,0.98929745
149,"HighDensity",2,1.1755539
150,"HighDensity",2,0.818603580645161
151,"HighDensity",2,0.805492951219512
152,"HighDensity",2,0.967336
153,"HighDensity",2,1.61030751851852
154,"HighDensity",2,1.06885786111111
1,"HighDensity",3,1.25951721875
2,"HighDensity",3,0.895982606060606
3,"HighDensity",3,1.19718660606061
4,"HighDensity",3,1.21222762068966
5,"HighDensity",3,0.842902222222222
6,"HighDensity",3,1.26870488461538
7,"HighDensity",3,0.904888666666667
8,"HighDensity",3,1.09343622222222
9,"HighDensity",3,1.44704103571429
10,"HighDensity",3,1.37042942307692
11,"HighDensity",3,1.4930248125
12,"HighDensity",3,1.37101703333333
13,"HighDensity",3,1.09727753846154
14,"HighDensity",3,0.8632440625
15,"HighDensity",3,1.25753105555556
16,"HighDensity",3,0.867747379310345
17,"HighDensity",3,1.09608617241379
18,"HighDensity",3,0.94201925
19,"HighDensity",3,1.59845720833333
20,"HighDensity",3,1.6496094
21,"HighDensity",3,1.0813731
22,"HighDensity",3,0.839126
23,"HighDensity",3,1.32832343333333
24,"HighDensity",3,0.885300472222222
25,"HighDensity",3,1.37277177419355
26,"HighDensity",3,1.17054245833333
27,"HighDensity",3,1.8430176
28,"HighDensity",3,1.38190705714286
29,"HighDensity",3,1.10985765714286
30,"HighDensity",3,0.660879206896552
31,"HighDensity",3,1.749591375
32,"HighDensity",3,1.21335928571429
33,"HighDensity",3,1.52124685294118
34,"HighDensity",3,0.797881365853659
35,"HighDensity",3,1.51475261290323
36,"HighDensity",3,1.55323048387097
37,"HighDensity",3,1.44760041935484
38,"HighDensity",3,0.799971064516129
39,"HighDensity",3,0.964575266666667
40,"HighDensity",3,2.56134391176471
41,"HighDensity",3,1.17848451612903
42,"HighDensity",3,1.29785315
43,"HighDensity",3,1.33947356521739
44,"HighDensity",3,1.07000045454545
45,"HighDensity",3,0.995180225806452
46,"HighDensity",3,0.753909882352941
47,"HighDensity",3,1.16736262068966
48,"HighDensity",3,0.913233206896552
49,"HighDensity",3,1.23596090322581
50,"HighDensity",3,1.47154374193548
51,"HighDensity",3,0.918183135135135
52,"HighDensity",3,1.36762370588235
53,"HighDensity",3,1.685067
54,"HighDensity",3,0.738433911764706
55,"HighDensity",3,0.812901333333333
56,"HighDensity",3,1.15503409375
57,"HighDensity",3,1.82117633333333
58,"HighDensity",3,1.596983
59,"HighDensity",3,1.10878129411765
60,"HighDensity",3,1.02453790909091
61,"HighDensity",3,0.688338074074074
62,"HighDensity",3,1.21206308823529
63,"HighDensity",3,0.789096303030303
64,"HighDensity",3,0.959093931034483
65,"HighDensity",3,1.77471316
66,"HighDensity",3,1.25509372727273
67,"HighDensity",3,0.764887368421053
68,"HighDensity",3,1.116716
69,"HighDensity",3,1.53934657692308
70,"HighDensity",3,1.19188165909091
71,"HighDensity",3,1.25485048484848
72,"HighDensity",3,1.20691551724138
73,"HighDensity",3,1.13992309375
74,"HighDensity",3,0.707221958333333
75,"HighDensity",3,0.813920230769231
76,"HighDensity",3,1.29845244827586
77,"HighDensity",3,1.22131181081081
78,"HighDensity",3,1.3541825
79,"HighDensity",3,1.38394951851852
80,"HighDensity",3,1.10250861538462
81,"HighDensity",3,1.02374997619048
82,"HighDensity",3,0.911999347826087
83,"HighDensity",3,1.32784505405405
84,"HighDensity",3,1.49048584
85,"HighDensity",3,1.10535975
86,"HighDensity",3,1.21792072413793
87,"HighDensity",3,1.80984141860465
88,"HighDensity",3,1.26867172222222
89,"HighDensity",3,1.55502544444444
90,"HighDensity",3,0.810758076923077
91,"HighDensity",3,0.904468230769231
92,"HighDensity",3,1.11758626666667
93,"HighDensity",3,0.834790857142857
94,"HighDensity",3,1.40793663333333
95,"HighDensity",3,0.872274058823529
96,"HighDensity",3,0.689172052631579
97,"HighDensity",3,0.811919333333333
98,"HighDensity",3,1.53025967741935
99,"HighDensity",3,1.70017837931034
100,"HighDensity",3,1.00503818181818
101,"HighDensity",3,1.7893311
102,"HighDensity",3,0.86058621875
103,"HighDensity",3,1.11531481818182
104,"HighDensity",3,1.02792665
105,"HighDensity",3,1.45275152
106,"HighDensity",3,1.30267172972973
107,"HighDensity",3,1.1773514137931
108,"HighDensity",3,2.18710236363636
109,"HighDensity",3,1.3782776
110,"HighDensity",3,1.80906211627907
111,"HighDensity",3,1.26219825
112,"HighDensity",3,0.820859423076923
113,"HighDensity",3,1.27803196551724
114,"HighDensity",3,1.5476215
115,"HighDensity",3,0.9112651
116,"HighDensity",3,1.23558418918919
117,"HighDensity",3,1.98740154285714
118,"HighDensity",3,1.57785692857143
119,"HighDensity",3,1.314950975
120,"HighDensity",3,1.01783752777778
121,"HighDensity",3,0.8347686
122,"HighDensity",3,1.39953806451613
123,"HighDensity",3,1.73983173076923
124,"HighDensity",3,1.87808119354839
125,"HighDensity",3,1.04365814705882
126,"HighDensity",3,1.37402122222222
127,"HighDensity",3,1.21797232258065
128,"HighDensity",3,1.60322394285714
129,"HighDensity",3,1.15258641935484
130,"HighDensity",3,1.05658582758621
131,"HighDensity",3,1.12204464516129
132,"HighDensity",3,1.53138735
133,"HighDensity",3,0.864447961538462
134,"HighDensity",3,1.70772762962963
135,"HighDensity",3,0.859676921052632
136,"HighDensity",3,1.3860515862069
137,"HighDensity",3,0.638746407407407
138,"HighDensity",3,1.14740514285714
139,"HighDensity",3,0.973638028571429
140,"HighDensity",3,1.60238723076923
141,"HighDensity",3,1.07570934375
142,"HighDensity",3,1.52220279166667
143,"HighDensity",3,0.885246575757576
144,"HighDensity",3,1.61681845238095
145,"HighDensity",3,1.16369155172414
146,"HighDensity",3,0.876089026315789
147,"HighDensity",3,1.50950213513514
148,"HighDensity",3,0.972362935483871
149,"HighDensity",3,1.21225866666667
150,"HighDensity",3,0.877497228571429
151,"HighDensity",3,0.835366138888889
152,"HighDensity",3,1.01748176315789
153,"HighDensity",3,1.64591441935484
154,"HighDensity",3,1.11432344186047
1,"HighDensity",4,1.36087254285714
2,"HighDensity",4,1.01093419354839
3,"HighDensity",4,1.18901218421053
4,"HighDensity",4,1.19470216666667
5,"HighDensity",4,0.895842794871795
6,"HighDensity",4,1.42927461764706
7,"HighDensity",4,0.9213225
8,"HighDensity",4,1.17302023684211
9,"HighDensity",4,1.56307076470588
10,"HighDensity",4,1.29567275757576
11,"HighDensity",4,1.43427803030303
12,"HighDensity",4,1.36894997222222
13,"HighDensity",4,1.124281
14,"HighDensity",4,0.961867266666667
15,"HighDensity",4,1.3446648
16,"HighDensity",4,0.81037476
17,"HighDensity",4,0.933682266666667
18,"HighDensity",4,1.08505942424242
19,"HighDensity",4,1.6584273125
20,"HighDensity",4,1.81997513888889
21,"HighDensity",4,1.11838731428571
22,"HighDensity",4,1.02650075
23,"HighDensity",4,1.48696286666667
24,"HighDensity",4,0.892468184210526
25,"HighDensity",4,1.65820538235294
26,"HighDensity",4,1.17220651351351
27,"HighDensity",4,1.84025219230769
28,"HighDensity",4,1.39682333333333
29,"HighDensity",4,1.11477653846154
30,"HighDensity",4,0.65528636
31,"HighDensity",4,1.7328655
32,"HighDensity",4,1.1589892
33,"HighDensity",4,1.59397135714286
34,"HighDensity",4,0.74945237037037
35,"HighDensity",4,1.59094495454545
36,"HighDensity",4,1.43490603125
37,"HighDensity",4,1.52434153125
38,"HighDensity",4,0.742329657142857
39,"HighDensity",4,1.0354053255814
40,"HighDensity",4,2.4852295483871
41,"HighDensity",4,1.16926341025641
42,"HighDensity",4,1.34938627586207
43,"HighDensity",4,1.26812661111111
44,"HighDensity",4,1.11351496551724
45,"HighDensity",4,0.931661806451613
46,"HighDensity",4,0.739398393939394
47,"HighDensity",4,0.979709925925926
48,"HighDensity",4,0.892613777777778
49,"HighDensity",4,1.1655745483871
50,"HighDensity",4,1.49617924
51,"HighDensity",4,0.973465483870968
52,"HighDensity",4,1.49540248837209
53,"HighDensity",4,1.62356773333333
54,"HighDensity",4,0.762174321428571
55,"HighDensity",4,0.839038527777778
56,"HighDensity",4,0.875733848484848
57,"HighDensity",4,1.86252444
58,"HighDensity",4,1.66600225
59,"HighDensity",4,1.19698172727273
60,"HighDensity",4,0.94971475
61,"HighDensity",4,0.714458857142857
62,"HighDensity",4,0.978235296296296
63,"HighDensity",4,0.8214145
64,"HighDensity",4,1.04610681081081
65,"HighDensity",4,1.6765203125
66,"HighDensity",4,1.24238810714286
67,"HighDensity",4,0.778273666666667
68,"HighDensity",4,1.05710732258065
69,"HighDensity",4,1.40747627272727
70,"HighDensity",4,1.34059859375
71,"HighDensity",4,1.2476731
72,"HighDensity",4,1.37181446153846
73,"HighDensity",4,1.23571772413793
74,"HighDensity",4,0.785058212121212
75,"HighDensity",4,0.777641676470588
76,"HighDensity",4,1.29143208108108
77,"HighDensity",4,1.2893925
78,"HighDensity",4,1.13813275757576
79,"HighDensity",4,1.21208093333333
80,"HighDensity",4,0.860570972972973
81,"HighDensity",4,1.1693185
82,"HighDensity",4,0.944752724137931
83,"HighDensity",4,1.26965006060606
84,"HighDensity",4,1.4144799
85,"HighDensity",4,1.17431641935484
86,"HighDensity",4,1.2510653030303
87,"HighDensity",4,1.79420342857143
88,"HighDensity",4,1.09766472413793
89,"HighDensity",4,1.45289067647059
90,"HighDensity",4,0.743355205882353
91,"HighDensity",4,0.844732666666667
92,"HighDensity",4,1.17186485714286
93,"HighDensity",4,0.80861637037037
94,"HighDensity",4,1.68459991176471
95,"HighDensity",4,0.840898090909091
96,"HighDensity",4,0.717226407407407
97,"HighDensity",4,0.859365342857143
98,"HighDensity",4,1.56401303030303
99,"HighDensity",4,1.41837455882353
100,"HighDensity",4,1.03795996875
101,"HighDensity",4,1.87541084615385
102,"HighDensity",4,0.848369514285714
103,"HighDensity",4,1.19353878787879
104,"HighDensity",4,0.946493892857143
105,"HighDensity",4,1.62755881818182
106,"HighDensity",4,1.5355835
107,"HighDensity",4,1.23168492592593
108,"HighDensity",4,2.20355402941176
109,"HighDensity",4,1.43006245714286
110,"HighDensity",4,1.67004015625
111,"HighDensity",4,1.19714575862069
112,"HighDensity",4,0.835251333333333
113,"HighDensity",4,1.09823206666667
114,"HighDensity",4,1.39800394444444
115,"HighDensity",4,0.856378388888889
116,"HighDensity",4,1.3345987
117,"HighDensity",4,2.14945141935484
118,"HighDensity",4,1.60003863333333
119,"HighDensity",4,1.16665043478261
120,"HighDensity",4,1.10933174193548
121,"HighDensity",4,1.03201077777778
122,"HighDensity",4,1.06582208571429
123,"HighDensity",4,1.8199906969697
124,"HighDensity",4,2.06933684375
125,"HighDensity",4,1.10334717241379
126,"HighDensity",4,1.40987435294118
127,"HighDensity",4,1.15643188
128,"HighDensity",4,1.54870707142857
129,"HighDensity",4,1.11058156410256
130,"HighDensity",4,1.25282024137931
131,"HighDensity",4,1.13059008823529
132,"HighDensity",4,1.43471642424242
133,"HighDensity",4,0.950505882352941
134,"HighDensity",4,1.44801075862069
135,"HighDensity",4,0.917694853658537
136,"HighDensity",4,1.27002875757576
137,"HighDensity",4,0.671220027027027
138,"HighDensity",4,1.26888436666667
139,"HighDensity",4,1.25536025
140,"HighDensity",4,1.47853532142857
141,"HighDensity",4,1.24388868965517
142,"HighDensity",4,1.3992330952381
143,"HighDensity",4,0.9163636
144,"HighDensity",4,1.60909008333333
145,"HighDensity",4,1.13923681578947
146,"HighDensity",4,0.866235851851852
147,"HighDensity",4,1.56340134482759
148,"HighDensity",4,1.00308405882353
149,"HighDensity",4,1.2269155862069
150,"HighDensity",4,0.816386375
151,"HighDensity",4,0.845119216216216
152,"HighDensity",4,1.03667067567568
153,"HighDensity",4,1.48854462857143
154,"HighDensity",4,1.10877884848485
