"ParticipantNum","groupSize","NumAgents","RT"
1,"SmallGroup",1,1.50576517142857
2,"SmallGroup",1,0.980200107142857
3,"SmallGroup",1,1.97639566666667
4,"SmallGroup",1,2.2165645483871
5,"SmallGroup",1,0.90232428
6,"SmallGroup",1,1.16231216129032
7,"SmallGroup",1,0.59705
8,"SmallGroup",1,1.02271746875
9,"SmallGroup",1,0.959027324324324
10,"SmallGroup",1,0.674551425
11,"SmallGroup",1,1.45431642
12,"SmallGroup",1,1.17203927586207
13,"SmallGroup",1,1.12159362162162
14,"SmallGroup",1,1.39239719444444
15,"SmallGroup",1,0.965816545454545
16,"SmallGroup",1,1.08402313513514
17,"SmallGroup",1,0.889837294117647
18,"SmallGroup",1,1.32683487878788
19,"SmallGroup",1,1.22779186666667
20,"SmallGroup",1,0.777502393939394
21,"SmallGroup",1,1.02301848648649
22,"SmallGroup",1,1.5856446
23,"SmallGroup",1,1.98719386842105
24,"SmallGroup",1,1.49924884615385
25,"SmallGroup",1,1.07549846666667
26,"SmallGroup",1,1.20573645454545
27,"SmallGroup",1,1.19423676470588
28,"SmallGroup",1,1.08870814285714
29,"SmallGroup",1,1.918291125
30,"SmallGroup",1,0.845369735294118
31,"SmallGroup",1,0.846457088235294
32,"SmallGroup",1,0.88866465625
33,"SmallGroup",1,0.820998756756757
34,"SmallGroup",1,1.52745674074074
35,"SmallGroup",1,0.822402448275862
36,"SmallGroup",1,1.69937540540541
37,"SmallGroup",1,1.52221925
38,"SmallGroup",1,1.15128295238095
39,"SmallGroup",1,1.25570290625
40,"SmallGroup",1,1.42177506060606
41,"SmallGroup",1,2.02683142857143
42,"SmallGroup",1,1.36289135483871
43,"SmallGroup",1,1.0248851875
44,"SmallGroup",1,0.923052641025641
45,"SmallGroup",1,0.970767909090909
46,"SmallGroup",1,0.657144419354839
47,"SmallGroup",1,1.86211515151515
48,"SmallGroup",1,0.974032419354839
49,"SmallGroup",1,1.41713892857143
50,"SmallGroup",1,0.6827347
51,"SmallGroup",1,1.25767865384615
52,"SmallGroup",1,1.92283584848485
53,"SmallGroup",1,1.17146747058824
54,"SmallGroup",1,0.876131121212121
55,"SmallGroup",1,1.3872529
56,"SmallGroup",1,1.19004434285714
57,"SmallGroup",1,0.732120035714286
58,"SmallGroup",1,2.0197525625
59,"SmallGroup",1,0.878797078947368
60,"SmallGroup",1,0.658423810810811
61,"SmallGroup",1,1.40032182051282
62,"SmallGroup",1,1.48522685714286
63,"SmallGroup",1,1.30560005
64,"SmallGroup",1,1.56734810810811
65,"SmallGroup",1,0.7097063125
66,"SmallGroup",1,0.944241131578947
67,"SmallGroup",1,2.03134436363636
68,"SmallGroup",1,1.99297146875
69,"SmallGroup",1,1.07287720833333
70,"SmallGroup",1,1.093743
71,"SmallGroup",1,0.96592032
72,"SmallGroup",1,1.90450968421053
73,"SmallGroup",1,1.01894776
74,"SmallGroup",1,0.946867147058824
75,"SmallGroup",1,0.88753321875
76,"SmallGroup",1,1.23165464516129
77,"SmallGroup",1,1.86537036363636
78,"SmallGroup",1,2.14832222222222
79,"SmallGroup",1,1.79884906666667
80,"SmallGroup",1,2.309136375
81,"SmallGroup",1,1.37678568571429
82,"SmallGroup",1,0.995918846153846
83,"SmallGroup",1,1.72433729166667
84,"SmallGroup",1,1.53651694117647
85,"SmallGroup",1,2.23739053125
86,"SmallGroup",1,2.35190112195122
87,"SmallGroup",1,0.697542023809524
88,"SmallGroup",1,0.697187702702703
89,"SmallGroup",1,1.06875103030303
90,"SmallGroup",1,2.00488458823529
91,"SmallGroup",1,1.17378925925926
92,"SmallGroup",1,1.671463025
93,"SmallGroup",1,1.0207905
94,"SmallGroup",1,1.63326912
95,"SmallGroup",1,1.19344238235294
96,"SmallGroup",1,0.9446310625
97,"SmallGroup",1,0.672438025
98,"SmallGroup",1,0.717358
99,"SmallGroup",1,2.05351260714286
100,"SmallGroup",1,1.21845415384615
101,"SmallGroup",1,1.51149194594595
102,"SmallGroup",1,1.4179092972973
103,"SmallGroup",1,1.37584274193548
104,"SmallGroup",1,0.696560931818182
105,"SmallGroup",1,0.8202225
106,"SmallGroup",1,0.645071771428571
107,"SmallGroup",1,1.07130945454545
108,"SmallGroup",1,1.29483858333333
109,"SmallGroup",1,1.28757865625
110,"SmallGroup",1,1.119499125
111,"SmallGroup",1,1.60903178571429
112,"SmallGroup",1,1.20819583783784
113,"SmallGroup",1,0.61968575862069
114,"SmallGroup",1,1.333561
115,"SmallGroup",1,1.12737342424242
116,"SmallGroup",1,0.856280296296296
117,"SmallGroup",1,0.8836565
118,"SmallGroup",1,1.27364621621622
119,"SmallGroup",1,1.83764210714286
120,"SmallGroup",1,1.225963625
121,"SmallGroup",1,1.02302125
122,"SmallGroup",1,1.66465090625
123,"SmallGroup",1,1.04292221052632
124,"SmallGroup",1,1.60212134375
125,"SmallGroup",1,1.01136771875
126,"SmallGroup",1,1.62703359459459
127,"SmallGroup",1,1.06684061538462
1,"SmallGroup",2,1.51565655172414
2,"SmallGroup",2,0.87450508
3,"SmallGroup",2,2.10317296153846
4,"SmallGroup",2,2.03863524137931
5,"SmallGroup",2,0.94749175
6,"SmallGroup",2,1.278729225
7,"SmallGroup",2,0.929543642857143
8,"SmallGroup",2,0.968971291666667
9,"SmallGroup",2,1.00853220833333
10,"SmallGroup",2,0.677102419354839
11,"SmallGroup",2,1.37564326923077
12,"SmallGroup",2,1.28506111764706
13,"SmallGroup",2,1.12648288888889
14,"SmallGroup",2,1.37373618518519
15,"SmallGroup",2,0.87648637037037
16,"SmallGroup",2,1.00035806666667
17,"SmallGroup",2,0.879423044444444
18,"SmallGroup",2,1.18830827272727
19,"SmallGroup",2,1.04785162857143
20,"SmallGroup",2,0.826593307692308
21,"SmallGroup",2,1.0795672
22,"SmallGroup",2,1.4047635483871
23,"SmallGroup",2,1.72861184615385
24,"SmallGroup",2,1.27549533333333
25,"SmallGroup",2,1.2204036
26,"SmallGroup",2,1.256895
27,"SmallGroup",2,1.19731654166667
28,"SmallGroup",2,1.0769435952381
29,"SmallGroup",2,1.73643687804878
30,"SmallGroup",2,0.757377444444444
31,"SmallGroup",2,0.925514766666667
32,"SmallGroup",2,0.867729972222222
33,"SmallGroup",2,0.838444525
34,"SmallGroup",2,1.44542166666667
35,"SmallGroup",2,0.861151621621622
36,"SmallGroup",2,1.80256526923077
37,"SmallGroup",2,1.48291586046512
38,"SmallGroup",2,1.25555048484848
39,"SmallGroup",2,1.18798358974359
40,"SmallGroup",2,1.51102634482759
41,"SmallGroup",2,2.14518448648649
42,"SmallGroup",2,1.43720955172414
43,"SmallGroup",2,1.08106581818182
44,"SmallGroup",2,1.02673228
45,"SmallGroup",2,0.841739575757576
46,"SmallGroup",2,0.692481346153846
47,"SmallGroup",2,2.06015183333333
48,"SmallGroup",2,0.984211571428571
49,"SmallGroup",2,1.27976113157895
50,"SmallGroup",2,0.646180971428571
51,"SmallGroup",2,1.36346170588235
52,"SmallGroup",2,1.96660334285714
53,"SmallGroup",2,1.29269327027027
54,"SmallGroup",2,0.9473068
55,"SmallGroup",2,1.23355729411765
56,"SmallGroup",2,1.00623284
57,"SmallGroup",2,0.671242517241379
58,"SmallGroup",2,2.05412339393939
59,"SmallGroup",2,0.97026634375
60,"SmallGroup",2,0.659147875
61,"SmallGroup",2,1.49319540540541
62,"SmallGroup",2,1.22898574074074
63,"SmallGroup",2,1.36752526666667
64,"SmallGroup",2,1.71649382142857
65,"SmallGroup",2,0.773244896551724
66,"SmallGroup",2,0.905649115384615
67,"SmallGroup",2,1.82106145945946
68,"SmallGroup",2,1.77410016666667
69,"SmallGroup",2,0.912318580645161
70,"SmallGroup",2,0.787623575757576
71,"SmallGroup",2,0.94383040625
72,"SmallGroup",2,2.236472
73,"SmallGroup",2,1.06934929268293
74,"SmallGroup",2,0.875509344827586
75,"SmallGroup",2,1.03134063636364
76,"SmallGroup",2,1.12000515625
77,"SmallGroup",2,2.02659096969697
78,"SmallGroup",2,2.3305256969697
79,"SmallGroup",2,1.80988694444444
80,"SmallGroup",2,1.90354465217391
81,"SmallGroup",2,1.32009173529412
82,"SmallGroup",2,0.788272260869565
83,"SmallGroup",2,1.70973948571429
84,"SmallGroup",2,1.50291625
85,"SmallGroup",2,2.12979133333333
86,"SmallGroup",2,2.07648790322581
87,"SmallGroup",2,0.766069068965517
88,"SmallGroup",2,0.674563888888889
89,"SmallGroup",2,1.04815585294118
90,"SmallGroup",2,1.91886084615385
91,"SmallGroup",2,1.12362541176471
92,"SmallGroup",2,1.43667605555556
93,"SmallGroup",2,0.940161166666667
94,"SmallGroup",2,1.49556125806452
95,"SmallGroup",2,0.915808333333333
96,"SmallGroup",2,0.892409827586207
97,"SmallGroup",2,0.698581826086957
98,"SmallGroup",2,0.709412064516129
99,"SmallGroup",2,1.69005991176471
100,"SmallGroup",2,1.28302
101,"SmallGroup",2,1.55673954545455
102,"SmallGroup",2,1.48213555172414
103,"SmallGroup",2,1.33841306896552
104,"SmallGroup",2,0.785721333333333
105,"SmallGroup",2,0.796429793103448
106,"SmallGroup",2,0.636470214285714
107,"SmallGroup",2,1.02983967567568
108,"SmallGroup",2,1.1713044
109,"SmallGroup",2,1.22000974074074
110,"SmallGroup",2,1.00710576315789
111,"SmallGroup",2,1.63751370967742
112,"SmallGroup",2,1.46317603225806
113,"SmallGroup",2,0.7360912
114,"SmallGroup",2,1.27437113157895
115,"SmallGroup",2,1.25748904
116,"SmallGroup",2,0.783643846153846
117,"SmallGroup",2,0.852442217391304
118,"SmallGroup",2,1.3301454137931
119,"SmallGroup",2,1.62698971428571
120,"SmallGroup",2,1.06666207692308
121,"SmallGroup",2,1.00138432
122,"SmallGroup",2,1.61000274285714
123,"SmallGroup",2,0.87141664516129
124,"SmallGroup",2,1.7214164
125,"SmallGroup",2,0.909747846153846
126,"SmallGroup",2,1.81307834375
127,"SmallGroup",2,1.23808671875
1,"SmallGroup",3,1.41486042857143
2,"SmallGroup",3,0.834153555555556
3,"SmallGroup",3,2.12360047222222
4,"SmallGroup",3,1.8562285862069
5,"SmallGroup",3,0.9169845625
6,"SmallGroup",3,1.16367341666667
7,"SmallGroup",3,0.581893
8,"SmallGroup",3,1.12635321875
9,"SmallGroup",3,1.01037003225806
10,"SmallGroup",3,0.665377333333333
11,"SmallGroup",3,1.33327164285714
12,"SmallGroup",3,1.2157349
13,"SmallGroup",3,1.1764095
14,"SmallGroup",3,1.36765306451613
15,"SmallGroup",3,0.98470703030303
16,"SmallGroup",3,1.07623880769231
17,"SmallGroup",3,0.8512006
18,"SmallGroup",3,1.24263203333333
19,"SmallGroup",3,0.98295037037037
20,"SmallGroup",3,0.9013123125
21,"SmallGroup",3,1.05262456666667
22,"SmallGroup",3,1.62993996875
23,"SmallGroup",3,1.70744535714286
24,"SmallGroup",3,1.36628985365854
25,"SmallGroup",3,1.09418459259259
26,"SmallGroup",3,1.19005775
27,"SmallGroup",3,1.13652927777778
28,"SmallGroup",3,1.08834381818182
29,"SmallGroup",3,1.7719803125
30,"SmallGroup",3,0.778501896551724
31,"SmallGroup",3,0.968906176470588
32,"SmallGroup",3,1.12637260869565
33,"SmallGroup",3,0.824377433333333
34,"SmallGroup",3,1.817554
35,"SmallGroup",3,0.923262617647059
36,"SmallGroup",3,1.9664657037037
37,"SmallGroup",3,1.62265370588235
38,"SmallGroup",3,1.19231444
39,"SmallGroup",3,1.23735648484848
40,"SmallGroup",3,1.41967303846154
41,"SmallGroup",3,2.10650835483871
42,"SmallGroup",3,1.13570827777778
43,"SmallGroup",3,0.9518699375
44,"SmallGroup",3,0.928504111111111
45,"SmallGroup",3,0.848476217391304
46,"SmallGroup",3,0.72925672972973
47,"SmallGroup",3,2.08164646428571
48,"SmallGroup",3,1.04596903125
49,"SmallGroup",3,1.304027
50,"SmallGroup",3,0.63975903125
51,"SmallGroup",3,1.03730237837838
52,"SmallGroup",3,1.83410985185185
53,"SmallGroup",3,1.17722517142857
54,"SmallGroup",3,0.9482015
55,"SmallGroup",3,1.31169315625
56,"SmallGroup",3,1.38579479310345
57,"SmallGroup",3,0.652915321428571
58,"SmallGroup",3,1.9987414137931
59,"SmallGroup",3,0.871933763157895
60,"SmallGroup",3,0.637430228571429
61,"SmallGroup",3,1.24131818918919
62,"SmallGroup",3,1.45086172972973
63,"SmallGroup",3,1.30299105882353
64,"SmallGroup",3,1.19827564516129
65,"SmallGroup",3,0.685414054054054
66,"SmallGroup",3,0.859490464285714
67,"SmallGroup",3,1.8353699
68,"SmallGroup",3,1.60942078571429
69,"SmallGroup",3,0.979245696969697
70,"SmallGroup",3,0.767517121951219
71,"SmallGroup",3,0.863218071428571
72,"SmallGroup",3,2.05843386111111
73,"SmallGroup",3,0.989294
74,"SmallGroup",3,0.792620441176471
75,"SmallGroup",3,0.735864882352941
76,"SmallGroup",3,1.11105886486486
77,"SmallGroup",3,1.72143555172414
78,"SmallGroup",3,2.25781439393939
79,"SmallGroup",3,1.91085737142857
80,"SmallGroup",3,2.0086893030303
81,"SmallGroup",3,1.40039767857143
82,"SmallGroup",3,0.782403210526316
83,"SmallGroup",3,1.41093259375
84,"SmallGroup",3,1.61643165384615
85,"SmallGroup",3,2.18326664
86,"SmallGroup",3,2.14664887096774
87,"SmallGroup",3,0.85476828125
88,"SmallGroup",3,0.660724771428571
89,"SmallGroup",3,1.14499553571429
90,"SmallGroup",3,2.04328570967742
91,"SmallGroup",3,1.00304002941176
92,"SmallGroup",3,1.61865223076923
93,"SmallGroup",3,1.14552613333333
94,"SmallGroup",3,1.44003484375
95,"SmallGroup",3,1.16351637931034
96,"SmallGroup",3,0.997967709677419
97,"SmallGroup",3,0.659096363636364
98,"SmallGroup",3,0.812779307692308
99,"SmallGroup",3,1.87638273076923
100,"SmallGroup",3,1.243125
101,"SmallGroup",3,1.50635623529412
102,"SmallGroup",3,1.72382951851852
103,"SmallGroup",3,1.43223256818182
104,"SmallGroup",3,0.705509888888889
105,"SmallGroup",3,0.8053854
106,"SmallGroup",3,0.736465027027027
107,"SmallGroup",3,1.0178624
108,"SmallGroup",3,1.29918125714286
109,"SmallGroup",3,1.20882777419355
110,"SmallGroup",3,1.15675614705882
111,"SmallGroup",3,1.56976667741935
112,"SmallGroup",3,1.20765554285714
113,"SmallGroup",3,0.710767242424242
114,"SmallGroup",3,1.19648590322581
115,"SmallGroup",3,1.1651723
116,"SmallGroup",3,0.820086206896552
117,"SmallGroup",3,0.930669
118,"SmallGroup",3,1.23841469565217
119,"SmallGroup",3,1.8832894375
120,"SmallGroup",3,1.05305296875
121,"SmallGroup",3,1.02426346666667
122,"SmallGroup",3,1.73557389285714
123,"SmallGroup",3,0.969376129032258
124,"SmallGroup",3,1.61536751515152
125,"SmallGroup",3,0.909541571428571
126,"SmallGroup",3,1.76778265625
127,"SmallGroup",3,1.21114220833333
1,"SmallGroup",4,1.5980568125
2,"SmallGroup",4,0.874512972972973
3,"SmallGroup",4,2.1290459
4,"SmallGroup",4,2.24713287804878
5,"SmallGroup",4,1.04229197058824
6,"SmallGroup",4,1.21774953571429
7,"SmallGroup",4,0.578775636363636
8,"SmallGroup",4,1.05137494117647
9,"SmallGroup",4,1.09984223684211
10,"SmallGroup",4,0.631487451612903
11,"SmallGroup",4,1.44176776923077
12,"SmallGroup",4,1.18573002702703
13,"SmallGroup",4,1.20246435294118
14,"SmallGroup",4,1.30802696551724
15,"SmallGroup",4,0.933315542857143
16,"SmallGroup",4,1.146258
17,"SmallGroup",4,0.70997175
18,"SmallGroup",4,1.1993943
19,"SmallGroup",4,1.19296819444444
20,"SmallGroup",4,0.984720461538462
21,"SmallGroup",4,1.01718922222222
22,"SmallGroup",4,1.65223279545455
23,"SmallGroup",4,2.11137868571429
24,"SmallGroup",4,1.23945196969697
25,"SmallGroup",4,1.10265311764706
26,"SmallGroup",4,1.20301815625
27,"SmallGroup",4,1.11387597297297
28,"SmallGroup",4,1.09994495454545
29,"SmallGroup",4,1.97766106896552
30,"SmallGroup",4,0.7881035625
31,"SmallGroup",4,0.888391882352941
32,"SmallGroup",4,0.873860666666667
33,"SmallGroup",4,0.763857333333333
34,"SmallGroup",4,1.47554841025641
35,"SmallGroup",4,1.09853723333333
36,"SmallGroup",4,2.03143904878049
37,"SmallGroup",4,1.53168746666667
38,"SmallGroup",4,1.25515868
39,"SmallGroup",4,1.26899992592593
40,"SmallGroup",4,1.40986078947368
41,"SmallGroup",4,2.09315402941176
42,"SmallGroup",4,1.309183
43,"SmallGroup",4,0.99084665625
44,"SmallGroup",4,1.03308303125
45,"SmallGroup",4,0.836799869565217
46,"SmallGroup",4,0.716161657894737
47,"SmallGroup",4,2.02481858974359
48,"SmallGroup",4,0.8966103125
49,"SmallGroup",4,1.26406337931034
50,"SmallGroup",4,0.642685761904762
51,"SmallGroup",4,1.37801722580645
52,"SmallGroup",4,1.63675242424242
53,"SmallGroup",4,1.18244472413793
54,"SmallGroup",4,0.888709
55,"SmallGroup",4,1.33145272727273
56,"SmallGroup",4,1.03082426190476
57,"SmallGroup",4,0.698721138888889
58,"SmallGroup",4,2.09382738461538
59,"SmallGroup",4,0.955655314285714
60,"SmallGroup",4,0.697697837837838
61,"SmallGroup",4,1.37626212
62,"SmallGroup",4,1.37466644827586
63,"SmallGroup",4,1.24975196774194
64,"SmallGroup",4,1.59005097368421
65,"SmallGroup",4,0.69268371875
66,"SmallGroup",4,0.87883455
67,"SmallGroup",4,1.78081488888889
68,"SmallGroup",4,1.71850796551724
69,"SmallGroup",4,1.11040596875
70,"SmallGroup",4,0.754789133333333
71,"SmallGroup",4,0.869915545454545
72,"SmallGroup",4,1.90595946153846
73,"SmallGroup",4,1.15093254545455
74,"SmallGroup",4,0.852996866666667
75,"SmallGroup",4,0.8517513125
76,"SmallGroup",4,1.2485351
77,"SmallGroup",4,1.74120058536585
78,"SmallGroup",4,2.145625325
79,"SmallGroup",4,1.8586925
80,"SmallGroup",4,2.00175920588235
81,"SmallGroup",4,1.35312035483871
82,"SmallGroup",4,0.912494638888889
83,"SmallGroup",4,1.7697063
84,"SmallGroup",4,1.4449934
85,"SmallGroup",4,2.07689958974359
86,"SmallGroup",4,2.38356678571429
87,"SmallGroup",4,0.741307137931034
88,"SmallGroup",4,0.662292933333333
89,"SmallGroup",4,1.04990893548387
90,"SmallGroup",4,1.85477778571429
91,"SmallGroup",4,1.16598613333333
92,"SmallGroup",4,1.61739646153846
93,"SmallGroup",4,0.948376064516129
94,"SmallGroup",4,1.58088208571429
95,"SmallGroup",4,1.01538430769231
96,"SmallGroup",4,0.995424514285714
97,"SmallGroup",4,0.63685052
98,"SmallGroup",4,0.785902666666667
99,"SmallGroup",4,1.83011807142857
100,"SmallGroup",4,1.25251034782609
101,"SmallGroup",4,1.41104315151515
102,"SmallGroup",4,1.314630075
103,"SmallGroup",4,1.33640044444444
104,"SmallGroup",4,0.743146290322581
105,"SmallGroup",4,0.817672342105263
106,"SmallGroup",4,0.667152172413793
107,"SmallGroup",4,0.977177444444444
108,"SmallGroup",4,1.0904505
109,"SmallGroup",4,1.32316988888889
110,"SmallGroup",4,1.03413218518519
111,"SmallGroup",4,1.42472451428571
112,"SmallGroup",4,1.21568388235294
113,"SmallGroup",4,0.690097529411765
114,"SmallGroup",4,1.115215
115,"SmallGroup",4,1.04946157142857
116,"SmallGroup",4,0.800645738095238
117,"SmallGroup",4,0.864652976190476
118,"SmallGroup",4,1.28503271875
119,"SmallGroup",4,1.63158166666667
120,"SmallGroup",4,1.18585886111111
121,"SmallGroup",4,0.874762324324324
122,"SmallGroup",4,1.658092525
123,"SmallGroup",4,0.897595266666667
124,"SmallGroup",4,1.65105985714286
125,"SmallGroup",4,1.00475056666667
126,"SmallGroup",4,1.63971238461538
127,"SmallGroup",4,1.15103253125
1,"LargeGroup",1,1.45251106060606
2,"LargeGroup",1,0.896133
3,"LargeGroup",1,2.16655728125
4,"LargeGroup",1,2.32947272972973
5,"LargeGroup",1,0.975185487804878
6,"LargeGroup",1,1.73288194117647
7,"LargeGroup",1,0.787975105263158
8,"LargeGroup",1,1.16382534615385
9,"LargeGroup",1,1.06147514285714
10,"LargeGroup",1,0.6400295
11,"LargeGroup",1,1.30076193333333
12,"LargeGroup",1,1.2698276
13,"LargeGroup",1,1.19379316666667
14,"LargeGroup",1,1.34494972413793
15,"LargeGroup",1,1.09831580645161
16,"LargeGroup",1,1.09124755172414
17,"LargeGroup",1,1.11735406060606
18,"LargeGroup",1,1.37002897368421
19,"LargeGroup",1,0.904916842105263
20,"LargeGroup",1,0.758241774193548
21,"LargeGroup",1,1.03985593333333
22,"LargeGroup",1,2.07544938709677
23,"LargeGroup",1,1.9806255862069
24,"LargeGroup",1,1.3169611
25,"LargeGroup",1,1.1877284
26,"LargeGroup",1,1.15412147058824
27,"LargeGroup",1,1.0310134375
28,"LargeGroup",1,1.06232902564103
29,"LargeGroup",1,2.00204729411765
30,"LargeGroup",1,0.871996368421053
31,"LargeGroup",1,1.09209696969697
32,"LargeGroup",1,1.663469875
33,"LargeGroup",1,0.792405117647059
34,"LargeGroup",1,1.20342366666667
35,"LargeGroup",1,0.906194
36,"LargeGroup",1,1.73157636585366
37,"LargeGroup",1,1.48041367741935
38,"LargeGroup",1,1.23265653846154
39,"LargeGroup",1,1.23813718421053
40,"LargeGroup",1,1.28730316666667
41,"LargeGroup",1,1.85013839393939
42,"LargeGroup",1,1.24088697058824
43,"LargeGroup",1,1.02921578947368
44,"LargeGroup",1,0.996056322580645
45,"LargeGroup",1,0.8770874
46,"LargeGroup",1,0.81090332
47,"LargeGroup",1,1.87293586363636
48,"LargeGroup",1,0.908356372093023
49,"LargeGroup",1,0.857463676470588
50,"LargeGroup",1,0.615400787878788
51,"LargeGroup",1,1.25142817142857
52,"LargeGroup",1,1.89904783870968
53,"LargeGroup",1,1.24589262962963
54,"LargeGroup",1,0.84450528125
55,"LargeGroup",1,1.46551281481481
56,"LargeGroup",1,1.25563862790698
57,"LargeGroup",1,0.648333666666667
58,"LargeGroup",1,1.6929676969697
59,"LargeGroup",1,0.851801323529412
60,"LargeGroup",1,0.600272363636364
61,"LargeGroup",1,1.25529809090909
62,"LargeGroup",1,1.51665905882353
63,"LargeGroup",1,1.44670258064516
64,"LargeGroup",1,1.55919617241379
65,"LargeGroup",1,0.548311692307692
66,"LargeGroup",1,0.935937906976744
67,"LargeGroup",1,2.08193407407407
68,"LargeGroup",1,2.06494148148148
69,"LargeGroup",1,1.12221711111111
70,"LargeGroup",1,0.784010730769231
71,"LargeGroup",1,0.946611068965517
72,"LargeGroup",1,1.90655365
73,"LargeGroup",1,1.1021759
74,"LargeGroup",1,0.829747
75,"LargeGroup",1,0.918631264705882
76,"LargeGroup",1,1.116506
77,"LargeGroup",1,2.23848012903226
78,"LargeGroup",1,2.1566961
79,"LargeGroup",1,2.01310943478261
80,"LargeGroup",1,2.12202075
81,"LargeGroup",1,1.39826959375
82,"LargeGroup",1,0.735674451612903
83,"LargeGroup",1,1.56415166666667
84,"LargeGroup",1,1.46524051612903
85,"LargeGroup",1,2.91538370588235
86,"LargeGroup",1,1.89164096774194
87,"LargeGroup",1,0.9136394
88,"LargeGroup",1,0.59207928125
89,"LargeGroup",1,1.0533076969697
90,"LargeGroup",1,1.97512752173913
91,"LargeGroup",1,1.3214112
92,"LargeGroup",1,1.47576032142857
93,"LargeGroup",1,1.19630042857143
94,"LargeGroup",1,1.40946382758621
95,"LargeGroup",1,0.836789391304348
96,"LargeGroup",1,1.17504644
97,"LargeGroup",1,0.90045048
98,"LargeGroup",1,0.780848447368421
99,"LargeGroup",1,1.99594227586207
100,"LargeGroup",1,1.51540116666667
101,"LargeGroup",1,1.31842241935484
102,"LargeGroup",1,1.21364773809524
103,"LargeGroup",1,1.27222603030303
104,"LargeGroup",1,0.644505
105,"LargeGroup",1,0.707106228571429
106,"LargeGroup",1,0.706302
107,"LargeGroup",1,1.08663653125
108,"LargeGroup",1,1.16180653846154
109,"LargeGroup",1,1.23986997058824
110,"LargeGroup",1,1.13394073529412
111,"LargeGroup",1,1.71804808823529
112,"LargeGroup",1,1.24221306451613
113,"LargeGroup",1,0.7798076
114,"LargeGroup",1,1.28944667647059
115,"LargeGroup",1,1.13360606451613
116,"LargeGroup",1,0.726491277777778
117,"LargeGroup",1,0.886164375
118,"LargeGroup",1,1.30469425
119,"LargeGroup",1,1.89719544186047
120,"LargeGroup",1,1.19864929411765
121,"LargeGroup",1,0.982081705882353
122,"LargeGroup",1,1.68086705
123,"LargeGroup",1,0.941753928571429
124,"LargeGroup",1,1.64884358333333
125,"LargeGroup",1,0.984159838709677
126,"LargeGroup",1,1.67489919354839
127,"LargeGroup",1,1.26175244827586
1,"LargeGroup",2,1.79615629032258
2,"LargeGroup",2,0.819929333333333
3,"LargeGroup",2,2.1742839375
4,"LargeGroup",2,2.00388674358974
5,"LargeGroup",2,1.05162651515152
6,"LargeGroup",2,1.22841958536585
7,"LargeGroup",2,0.773210206896552
8,"LargeGroup",2,1.25451875
9,"LargeGroup",2,1.17520270833333
10,"LargeGroup",2,0.838583857142857
11,"LargeGroup",2,1.46533244444444
12,"LargeGroup",2,1.28517327586207
13,"LargeGroup",2,1.18979432258065
14,"LargeGroup",2,1.36770861538462
15,"LargeGroup",2,1.16964260606061
16,"LargeGroup",2,1.0138467
17,"LargeGroup",2,0.853541
18,"LargeGroup",2,1.42138477419355
19,"LargeGroup",2,1.07714637931034
20,"LargeGroup",2,0.810143837209302
21,"LargeGroup",2,1.01184877777778
22,"LargeGroup",2,1.98881325
23,"LargeGroup",2,1.87591641666667
24,"LargeGroup",2,1.33207063157895
25,"LargeGroup",2,1.09734169230769
26,"LargeGroup",2,1.15069402941176
27,"LargeGroup",2,1.21059696774194
28,"LargeGroup",2,1.02760144444444
29,"LargeGroup",2,2.00377546428571
30,"LargeGroup",2,0.87846958974359
31,"LargeGroup",2,1.0507762972973
32,"LargeGroup",2,1.54573867647059
33,"LargeGroup",2,0.797792611111111
34,"LargeGroup",2,1.25227441666667
35,"LargeGroup",2,1.01693416666667
36,"LargeGroup",2,2.17710503448276
37,"LargeGroup",2,1.36930333333333
38,"LargeGroup",2,1.66904843243243
39,"LargeGroup",2,1.6316754137931
40,"LargeGroup",2,1.45872771794872
41,"LargeGroup",2,1.91100057575758
42,"LargeGroup",2,1.1502780625
43,"LargeGroup",2,1.03190621875
44,"LargeGroup",2,1.00423237142857
45,"LargeGroup",2,0.951835073170732
46,"LargeGroup",2,0.753846916666667
47,"LargeGroup",2,2.0125815
48,"LargeGroup",2,0.940279346153846
49,"LargeGroup",2,0.944260133333333
50,"LargeGroup",2,0.730497057142857
51,"LargeGroup",2,1.45621193939394
52,"LargeGroup",2,1.894493125
53,"LargeGroup",2,1.215299175
54,"LargeGroup",2,0.876046111111111
55,"LargeGroup",2,1.50814915151515
56,"LargeGroup",2,1.36590844117647
57,"LargeGroup",2,0.61253359375
58,"LargeGroup",2,1.90285472727273
59,"LargeGroup",2,0.811332178571429
60,"LargeGroup",2,0.596952441176471
61,"LargeGroup",2,1.34297614285714
62,"LargeGroup",2,1.42388382608696
63,"LargeGroup",2,1.32422217142857
64,"LargeGroup",2,1.36981893548387
65,"LargeGroup",2,0.604975825
66,"LargeGroup",2,1.03435182142857
67,"LargeGroup",2,2.02544054545455
68,"LargeGroup",2,1.57907191891892
69,"LargeGroup",2,1.112533575
70,"LargeGroup",2,0.888413714285714
71,"LargeGroup",2,0.7706615
72,"LargeGroup",2,2.04641836
73,"LargeGroup",2,1.08329178787879
74,"LargeGroup",2,0.894294114285714
75,"LargeGroup",2,0.806763777777778
76,"LargeGroup",2,1.09702632
77,"LargeGroup",2,1.955062875
78,"LargeGroup",2,1.93744873809524
79,"LargeGroup",2,1.7216389047619
80,"LargeGroup",2,2.09950313043478
81,"LargeGroup",2,1.4571704375
82,"LargeGroup",2,0.716898611111111
83,"LargeGroup",2,1.68342677777778
84,"LargeGroup",2,1.42479053571429
85,"LargeGroup",2,2.33072456666667
86,"LargeGroup",2,1.98206442857143
87,"LargeGroup",2,0.926861810810811
88,"LargeGroup",2,0.578459078947368
89,"LargeGroup",2,1.06370033333333
90,"LargeGroup",2,1.68544488571429
91,"LargeGroup",2,1.16351830555556
92,"LargeGroup",2,1.67530861538462
93,"LargeGroup",2,1.0614890625
94,"LargeGroup",2,1.26775104166667
95,"LargeGroup",2,1.061254625
96,"LargeGroup",2,0.913094363636364
97,"LargeGroup",2,0.783580214285714
98,"LargeGroup",2,0.73812096875
99,"LargeGroup",2,1.72734022580645
100,"LargeGroup",2,1.39827557692308
101,"LargeGroup",2,1.387135375
102,"LargeGroup",2,1.24903180645161
103,"LargeGroup",2,1.33468455555556
104,"LargeGroup",2,0.606185333333333
105,"LargeGroup",2,0.758622026315789
106,"LargeGroup",2,0.688559787878788
107,"LargeGroup",2,0.974810115384615
108,"LargeGroup",2,1.30135493333333
109,"LargeGroup",2,1.07642175
110,"LargeGroup",2,1.121392
111,"LargeGroup",2,1.53374136363636
112,"LargeGroup",2,1.18831845454545
113,"LargeGroup",2,0.621249305555556
114,"LargeGroup",2,1.25517648648649
115,"LargeGroup",2,1.33297413793103
116,"LargeGroup",2,0.804256777777778
117,"LargeGroup",2,0.867324
118,"LargeGroup",2,1.39037663333333
119,"LargeGroup",2,1.90425502857143
120,"LargeGroup",2,1.2786011
121,"LargeGroup",2,0.959773
122,"LargeGroup",2,1.8994731875
123,"LargeGroup",2,1.17978486486486
124,"LargeGroup",2,1.63029433333333
125,"LargeGroup",2,1.00803197058824
126,"LargeGroup",2,1.66927917647059
127,"LargeGroup",2,1.36224681578947
1,"LargeGroup",3,1.73473888888889
2,"LargeGroup",3,0.922440731707317
3,"LargeGroup",3,2.21336427586207
4,"LargeGroup",3,2.05129946153846
5,"LargeGroup",3,0.946582419354839
6,"LargeGroup",3,1.39432518181818
7,"LargeGroup",3,0.66186
8,"LargeGroup",3,1.05107342424242
9,"LargeGroup",3,1.01021513513514
10,"LargeGroup",3,0.743623155555556
11,"LargeGroup",3,1.42049062068966
12,"LargeGroup",3,1.26474990322581
13,"LargeGroup",3,1.201318
14,"LargeGroup",3,1.31161242857143
15,"LargeGroup",3,1.04236062962963
16,"LargeGroup",3,1.11790046808511
17,"LargeGroup",3,1.24683584
18,"LargeGroup",3,1.15582273076923
19,"LargeGroup",3,0.95318225
20,"LargeGroup",3,0.787576517241379
21,"LargeGroup",3,1.00900406060606
22,"LargeGroup",3,2.02997371794872
23,"LargeGroup",3,1.97905223333333
24,"LargeGroup",3,1.30135370731707
25,"LargeGroup",3,1.251647975
26,"LargeGroup",3,1.10861952
27,"LargeGroup",3,1.07522357692308
28,"LargeGroup",3,0.935263310344828
29,"LargeGroup",3,1.98128910526316
30,"LargeGroup",3,0.9159655
31,"LargeGroup",3,1.1914698
32,"LargeGroup",3,1.64288154285714
33,"LargeGroup",3,0.781381303030303
34,"LargeGroup",3,1.20379642424242
35,"LargeGroup",3,1.06568902777778
36,"LargeGroup",3,2.1170927037037
37,"LargeGroup",3,1.54089359375
38,"LargeGroup",3,1.5087016
39,"LargeGroup",3,1.18982277419355
40,"LargeGroup",3,1.82359363333333
41,"LargeGroup",3,2.13749277272727
42,"LargeGroup",3,1.363366375
43,"LargeGroup",3,1.00725806666667
44,"LargeGroup",3,0.960374945945946
45,"LargeGroup",3,0.826063516129032
46,"LargeGroup",3,0.8184375625
47,"LargeGroup",3,2.09359135555556
48,"LargeGroup",3,0.998233465116279
49,"LargeGroup",3,0.957535307692308
50,"LargeGroup",3,0.6977376
51,"LargeGroup",3,1.48713427586207
52,"LargeGroup",3,1.54131897058824
53,"LargeGroup",3,1.16503913636364
54,"LargeGroup",3,0.924235714285714
55,"LargeGroup",3,1.4055215483871
56,"LargeGroup",3,1.07724238461538
57,"LargeGroup",3,0.621517096774194
58,"LargeGroup",3,1.88794076
59,"LargeGroup",3,0.932397230769231
60,"LargeGroup",3,0.585130555555555
61,"LargeGroup",3,1.34813621212121
62,"LargeGroup",3,1.60181172222222
63,"LargeGroup",3,1.45533351612903
64,"LargeGroup",3,1.42830378125
65,"LargeGroup",3,0.509389612903226
66,"LargeGroup",3,0.946694033333333
67,"LargeGroup",3,2.32376742424242
68,"LargeGroup",3,1.69354621875
69,"LargeGroup",3,1.02318409090909
70,"LargeGroup",3,0.800541266666667
71,"LargeGroup",3,1.03946180555556
72,"LargeGroup",3,1.9676615
73,"LargeGroup",3,0.952570709677419
74,"LargeGroup",3,0.915966307692308
75,"LargeGroup",3,0.711730029411765
76,"LargeGroup",3,1.2180012
77,"LargeGroup",3,2.08263261764706
78,"LargeGroup",3,1.96803238235294
79,"LargeGroup",3,2.02997421428571
80,"LargeGroup",3,2.10184107692308
81,"LargeGroup",3,1.5296943255814
82,"LargeGroup",3,0.687214057142857
83,"LargeGroup",3,1.6810867
84,"LargeGroup",3,1.48993505405405
85,"LargeGroup",3,2.81647424242424
86,"LargeGroup",3,1.8302548974359
87,"LargeGroup",3,0.964081896551724
88,"LargeGroup",3,0.529102681818182
89,"LargeGroup",3,0.881119853658537
90,"LargeGroup",3,1.6097605
91,"LargeGroup",3,1.3213654375
92,"LargeGroup",3,1.427485875
93,"LargeGroup",3,1.37596508333333
94,"LargeGroup",3,1.300275125
95,"LargeGroup",3,0.785504407407407
96,"LargeGroup",3,1.35826622222222
97,"LargeGroup",3,1.1474067037037
98,"LargeGroup",3,0.801579423076923
99,"LargeGroup",3,1.74622761290323
100,"LargeGroup",3,1.49019346875
101,"LargeGroup",3,1.4356786
102,"LargeGroup",3,1.20398007407407
103,"LargeGroup",3,1.32747631428571
104,"LargeGroup",3,0.719943228571429
105,"LargeGroup",3,0.829762413793103
106,"LargeGroup",3,0.688013277777778
107,"LargeGroup",3,1.00184863636364
108,"LargeGroup",3,1.53868613333333
109,"LargeGroup",3,1.07848856521739
110,"LargeGroup",3,1.04438034285714
111,"LargeGroup",3,1.76316262068966
112,"LargeGroup",3,1.34319302777778
113,"LargeGroup",3,0.56940121875
114,"LargeGroup",3,1.32457508108108
115,"LargeGroup",3,1.19362265625
116,"LargeGroup",3,0.77755435483871
117,"LargeGroup",3,0.912976787878788
118,"LargeGroup",3,1.31705791176471
119,"LargeGroup",3,1.91264277777778
120,"LargeGroup",3,1.04287479487179
121,"LargeGroup",3,1.08164054285714
122,"LargeGroup",3,2.13376334210526
123,"LargeGroup",3,0.983884363636364
124,"LargeGroup",3,1.54381763333333
125,"LargeGroup",3,0.955906727272727
126,"LargeGroup",3,1.69540582352941
127,"LargeGroup",3,1.21954756666667
1,"LargeGroup",4,1.410221125
2,"LargeGroup",4,0.878475064516129
3,"LargeGroup",4,2.16977443902439
4,"LargeGroup",4,2.34828366666667
5,"LargeGroup",4,1.13751944
6,"LargeGroup",4,1.45285578571429
7,"LargeGroup",4,0.778492464285714
8,"LargeGroup",4,1.27858630952381
9,"LargeGroup",4,1.10033348387097
10,"LargeGroup",4,0.806227666666667
11,"LargeGroup",4,1.40835702702703
12,"LargeGroup",4,1.3525768
13,"LargeGroup",4,1.17135738461538
14,"LargeGroup",4,1.38555438461538
15,"LargeGroup",4,1.13737025581395
16,"LargeGroup",4,0.92742172
17,"LargeGroup",4,1.1523341875
18,"LargeGroup",4,1.10231810344828
19,"LargeGroup",4,1.03189877777778
20,"LargeGroup",4,0.781816785714286
21,"LargeGroup",4,1.01122909375
22,"LargeGroup",4,2.10333856666667
23,"LargeGroup",4,1.67335003030303
24,"LargeGroup",4,1.38946976315789
25,"LargeGroup",4,1.36230464285714
26,"LargeGroup",4,1.11273609756098
27,"LargeGroup",4,1.15713326470588
28,"LargeGroup",4,1.199580625
29,"LargeGroup",4,1.99390630769231
30,"LargeGroup",4,0.825646161290323
31,"LargeGroup",4,1.00881870588235
32,"LargeGroup",4,2.25047166666667
33,"LargeGroup",4,0.815170741935484
34,"LargeGroup",4,1.13283693333333
35,"LargeGroup",4,1.03834653846154
36,"LargeGroup",4,2.04411767647059
37,"LargeGroup",4,1.45998710714286
38,"LargeGroup",4,1.48387475
39,"LargeGroup",4,1.6516702
40,"LargeGroup",4,1.59937482857143
41,"LargeGroup",4,1.94549605882353
42,"LargeGroup",4,1.82782193333333
43,"LargeGroup",4,1.10022152380952
44,"LargeGroup",4,0.972385565217391
45,"LargeGroup",4,0.8917975
46,"LargeGroup",4,0.730802153846154
47,"LargeGroup",4,1.93588258823529
48,"LargeGroup",4,0.92369992
49,"LargeGroup",4,0.87459225
50,"LargeGroup",4,0.649682142857143
51,"LargeGroup",4,1.37780024242424
52,"LargeGroup",4,1.67925803448276
53,"LargeGroup",4,1.06737811904762
54,"LargeGroup",4,0.898990774193548
55,"LargeGroup",4,1.39046587878788
56,"LargeGroup",4,1.14567567857143
57,"LargeGroup",4,0.6138657
58,"LargeGroup",4,1.71969184848485
59,"LargeGroup",4,0.932157178571429
60,"LargeGroup",4,0.619268318181818
61,"LargeGroup",4,1.37668740625
62,"LargeGroup",4,1.71094128125
63,"LargeGroup",4,1.30021285714286
64,"LargeGroup",4,1.53067259375
65,"LargeGroup",4,0.548243
66,"LargeGroup",4,1.04015169230769
67,"LargeGroup",4,1.86064582142857
68,"LargeGroup",4,1.496015
69,"LargeGroup",4,1.08818308333333
70,"LargeGroup",4,0.807848888888889
71,"LargeGroup",4,0.708444272727273
72,"LargeGroup",4,1.90587533333333
73,"LargeGroup",4,0.970991923076923
74,"LargeGroup",4,0.8734595
75,"LargeGroup",4,1.01895956666667
76,"LargeGroup",4,1.26349346153846
77,"LargeGroup",4,1.91153975757576
78,"LargeGroup",4,2.13269543333333
79,"LargeGroup",4,1.96055158064516
80,"LargeGroup",4,1.92075394736842
81,"LargeGroup",4,1.54706961904762
82,"LargeGroup",4,0.684393972222222
83,"LargeGroup",4,1.59859603448276
84,"LargeGroup",4,1.47886655263158
85,"LargeGroup",4,2.61989047058824
86,"LargeGroup",4,1.74122942424242
87,"LargeGroup",4,1.12326764705882
88,"LargeGroup",4,0.591385933333333
89,"LargeGroup",4,1.20731460714286
90,"LargeGroup",4,1.70189513333333
91,"LargeGroup",4,1.22971951724138
92,"LargeGroup",4,1.73304196969697
93,"LargeGroup",4,1.22356855263158
94,"LargeGroup",4,1.42272048148148
95,"LargeGroup",4,0.946615702702703
96,"LargeGroup",4,1.32605351515152
97,"LargeGroup",4,0.903595032258064
98,"LargeGroup",4,0.774798032258065
99,"LargeGroup",4,1.79652323529412
100,"LargeGroup",4,1.48625842857143
101,"LargeGroup",4,1.34755093939394
102,"LargeGroup",4,1.31750683333333
103,"LargeGroup",4,1.42454483870968
104,"LargeGroup",4,0.656391294117647
105,"LargeGroup",4,0.8151758
106,"LargeGroup",4,0.782776333333333
107,"LargeGroup",4,1.25044594444444
108,"LargeGroup",4,1.388423175
109,"LargeGroup",4,1.06498006666667
110,"LargeGroup",4,1.21722502857143
111,"LargeGroup",4,1.63239589655172
112,"LargeGroup",4,1.22208546341463
113,"LargeGroup",4,0.645026576923077
114,"LargeGroup",4,1.25646458333333
115,"LargeGroup",4,1.31288722857143
116,"LargeGroup",4,0.741776730769231
117,"LargeGroup",4,0.859639444444444
118,"LargeGroup",4,1.32294148148148
119,"LargeGroup",4,1.55171561538462
120,"LargeGroup",4,1.43536032258065
121,"LargeGroup",4,1.07796354166667
122,"LargeGroup",4,2.06317457894737
123,"LargeGroup",4,0.86972412
124,"LargeGroup",4,1.47937012903226
125,"LargeGroup",4,0.971291806451613
126,"LargeGroup",4,1.63832603333333
127,"LargeGroup",4,1.19965806666667
